anion,anion_sml,Asphericity_anion,Eccentricity_anion,InertialShapeFactor_anion,NPR1_anion,NPR2_anion,PMI1_anion,PMI2_anion,PMI3_anion,RadiusOfGyration_anion,SpherocityIndex_anion,ExactMolWt_anion,FpDensityMorgan1_anion,FpDensityMorgan2_anion,HeavyAtomMolWt_anion,MaxAbsPartialCharge_anion,MaxPartialCharge_anion,MinPartialCharge_anion,NumRadicalElectrons_anion,NumValenceElectrons_anion,volume_anion,cation,cation_sml,Asphericity_cation,Eccentricity_cation,InertialShapeFactor_cation,NPR1_cation,NPR2_cation,PMI1_cation,PMI2_cation,PMI3_cation,RadiusOfGyration_cation,SpherocityIndex_cation,ExactMolWt_cation,FpDensityMorgan1_cation,FpDensityMorgan2_cation,HeavyAtomMolWt_cation,MaxAbsPartialCharge_cation,MaxPartialCharge_cation,MinPartialCharge_cation,NumRadicalElectrons_cation,NumValenceElectrons_cation,volume_cation,pair,pair_sml_x,Asphericity_pair,Eccentricity_pair,InertialShapeFactor_pair,NPR1_pair,NPR2_pair,PMI1_pair,PMI2_pair,PMI3_pair,RadiusOfGyration_pair,SpherocityIndex_pair,ExactMolWt_pair,FpDensityMorgan1_pair,FpDensityMorgan2_pair,HeavyAtomMolWt_pair,MaxAbsPartialCharge_pair,MaxPartialCharge_pair,MinPartialCharge_pair,NumRadicalElectrons_pair,NumValenceElectrons_pair,volume_pair,name_anion,smiles_form_anion,energy_anion,HOMO_anion,LUMO_anion,dipole_x_anion,dipole_y_anion,dipole_z_anion,dipole_total_anion,name_cation,smiles_form_cation,energy_cation,HOMO_cation,LUMO_cation,dipole_x_cation,dipole_y_cation,dipole_z_cation,dipole_total_cation,V_al_cation,V_al_anion,V_al,V_cl_cation,V_cl_anion,V_cl,ECW_computed,cation_type,anion_type,label,conductivity,ECW,density,melting_point,viscosity,formula,T_conductivity,T_density,T_viscosity,conductivity_norm,viscosity_norm,density_norm,state,SVM_predict_x,RF_predict_x,XGB_predict_x,pair_sml_y,gnn_predict,SVM_predict_y,RF_predict_y,XGB_predict_y,SVM_predict,RF_predict,XGB_predict,predicted_state,predicted_conductivity,predicted_conductivity_category,conductivity_combine
bis(trifluoromethylsulfonyl)imide,O=S([N-]S(=O)(C(F)(F)F)=O)(C(F)(F)F)=O,0.388040311,0.959745064,0.001936486,0.280872589,0.94511308,488.0557659,1642.26737,1737.64114,2.627442626,0.314798833,279.9178424,0.666666667,0.866666667,280.147,0.4802902,0.4802902,-0.420674932,0,92,157.376,1-ethyl-3-methylpyridinium,CC[N+]1=CC=CC(C)=C1,0.352399289,0.953111801,0.004615206,0.302618398,0.773110837,167.5138343,427.9540225,553.5480836,2.168345183,0.175330397,122.0964258,2,3,110.095,0.205159433,0.171170902,-0.205159433,0,48,131.888,1-ethyl-3-methylpyridinium bis(trifluoromethylsulfonyl)imide,CC[N+]1=CC=CC(C)=C1.O=S([N-]S(=O)(C(F)(F)F)=O)(C(F)(F)F)=O,0.371947394,0.957317274,0.001381092,0.289039161,0.910688898,659.3977456,2077.594619,2281.343962,2.497292184,0.249297817,402.0142682,1.166666667,1.666666667,390.242,0.4802902,0.4802902,-0.420674932,0,140,194.224,bis(trifluoromethylsulfonyl)imide,O=S([N-]S(=O)(C(F)(F)F)=O)(C(F)(F)F)=O,-1821.517869,-0.286547135,0.172652479,-0.095325609,0.364114522,2.142514102,2.175323662,1-ethyl-3-methylpyridinium,CC[N+]1=CC=CC(C)=C1,-364.271325,-0.528315,-0.10406,-0.288698,0.226866,-0.113656,0.38436,14.370168,7.794082072,7.794082072,2.830432,-4.696147429,2.830432,4.963650072,pyridinium,imid,1-Ethyl-3-methylpyridinium bis(trifluoromethylsulfonyl)imide,7.47,0,1.48,<RT,36.6,C10H12F6N2O4S2,30,26,25,6.225,36.6,1.423076923,liquid,0,0,0,0,0,0,0,0,0,0,0,0,0,0,6.225
bis(fluorosulfonyl)imide,[N-](S(=O)(=O)F)S(=O)(=O)F,0.342076194,0.949116931,0.004542736,0.314923882,0.95555797,210.3485642,638.2502513,667.9346215,2.051702352,0.422286139,179.9242295,0.888888889,1.111111111,180.133,0.379312199,0.241254649,-0.379312199,0,56,103.696,1-ethyl-3-methylpyridinium,CC[N+]1=CC=CC(C)=C1,0.352399289,0.953111801,0.004615206,0.302618398,0.773110837,167.5138343,427.9540225,553.5480836,2.168345183,0.175330397,122.0964258,2,3,110.095,0.205159433,0.171170902,-0.205159433,0,48,131.888,1-ethyl-3-methylpyridinium bis(fluorosulfonyl)imide,CC[N+]1=CC=CC(C)=C1.[N-](S(=O)(=O)F)S(=O)(=O)F,0.309479056,0.943088037,0.002273287,0.332543161,0.865291138,380.6342943,990.4262654,1144.616213,2.039746092,0.239334788,302.0206553,1.444444444,2.055555556,290.228,0.379312199,0.241254649,-0.379312199,0,104,159.328,bis(fluorosulfonyl)imide,[N-](S(=O)(=O)F)S(=O)(=O)F,-1347.908249,-0.303547,0.195733,-0.064455,0.646874,-0.175063,0.673236,1-ethyl-3-methylpyridinium,CC[N+]1=CC=CC(C)=C1,-364.271325,-0.528315,-0.10406,-0.288698,0.226866,-0.113656,0.38436,14.370168,8.2564784,8.2564784,2.830432,-5.3239376,2.830432,5.4260464,pyridinium,imid,0,0,0,0,unknown,0,0,0,0,0,0,0,0,unknown,0,0,0,CC[N+]1=CC=CC(C)=C1.[N-](S(=O)(=O)F)S(=O)(=O)F,0,6.716342468,5.150913109,6.853065,0,1,1,0,6.240106859,2,6.240106859
bis(trifluoromethylsulfonyl)imide,O=S([N-]S(=O)(C(F)(F)F)=O)(C(F)(F)F)=O,0.388040311,0.959745064,0.001936486,0.280872589,0.94511308,488.0557659,1642.26737,1737.64114,2.627442626,0.314798833,279.9178424,0.666666667,0.866666667,280.147,0.4802902,0.4802902,-0.420674932,0,92,157.376,"1,3-diethylimidazolium",CCN1C=C[N+](CC)=C1,0.544896016,0.98250396,0.008115436,0.186241693,0.929346228,114.5158671,571.4342873,614.8777176,2.279299666,0.239855618,125.1073248,1.888888889,2.888888889,112.091,0.243232025,0.243232025,-0.237119269,0,50,135,"1,3-diethylimidazolium bis(trifluoromethylsulfonyl)imide",CCN1C=C[N+](CC)=C1.O=S([N-]S(=O)(C(F)(F)F)=O)(C(F)(F)F)=O,0.445868574,0.969053356,0.00157183,0.246851357,0.98083161,624.0061467,2479.406882,2527.861925,2.635588267,0.311032338,405.0251672,1.125,1.625,392.238,0.4802902,0.4802902,-0.420674932,0,142,192.856,bis(trifluoromethylsulfonyl)imide,O=S([N-]S(=O)(C(F)(F)F)=O)(C(F)(F)F)=O,-1821.517869,-0.286547135,0.172652479,-0.095325609,0.364114522,2.142514102,2.175323662,"1,3-diethylimidazolium",CCN1C=C[N+](CC)=C1,-381.444153,-0.521557,-0.062221,0.030432,-0.097078,0.427471,0.439411,14.1863504,7.794082072,7.794082072,1.6924112,-4.696147429,1.6924112,6.101670872,imidazolium,imid,"1,3-Diethylimidazolium bis(trifluoromethylsulfonyl)imide",8.24,4.8,1.48,14,27.9,C9H13F6N3O4S2,30,22,25,6.866666667,27.9,1.681818182,liquid,0,0,0,0,0,0,0,0,0,0,0,0,0,0,6.866666667
bis(fluorosulfonyl)imide,[N-](S(=O)(=O)F)S(=O)(=O)F,0.342076194,0.949116931,0.004542736,0.314923882,0.95555797,210.3485642,638.2502513,667.9346215,2.051702352,0.422286139,179.9242295,0.888888889,1.111111111,180.133,0.379312199,0.241254649,-0.379312199,0,56,103.696,"1,3-diethylimidazolium",CCN1C=C[N+](CC)=C1,0.544896016,0.98250396,0.008115436,0.186241693,0.929346228,114.5158671,571.4342873,614.8777176,2.279299666,0.239855618,125.1073248,1.888888889,2.888888889,112.091,0.243232025,0.243232025,-0.237119269,0,50,135,"1,3-diethylimidazolium bis(fluorosulfonyl)imide",CCN1C=C[N+](CC)=C1.[N-](S(=O)(=O)F)S(=O)(=O)F,0.373315861,0.956647303,0.002647498,0.291248928,0.946904154,357.660037,1162.818956,1228.021813,2.121532162,0.315281112,305.0315543,1.388888889,2,292.224,0.379312199,0.243232025,-0.379312199,0,106,161.6,bis(fluorosulfonyl)imide,[N-](S(=O)(=O)F)S(=O)(=O)F,-1347.908249,-0.303547,0.195733,-0.064455,0.646874,-0.175063,0.673236,"1,3-diethylimidazolium",CCN1C=C[N+](CC)=C1,-381.444153,-0.521557,-0.062221,0.030432,-0.097078,0.427471,0.439411,14.1863504,8.2564784,8.2564784,1.6924112,-5.3239376,1.6924112,6.5640672,imidazolium,imid,0,0,0,0,unknown,0,0,0,0,0,0,0,0,unknown,0,0,0,CCN1C=C[N+](CC)=C1.[N-](S(=O)(=O)F)S(=O)(=O)F,0,9.096379665,4.256111139,6.94649,1,0,1,0,6.766326935,2,6.766326935
bis(trifluoromethylsulfonyl)imide,O=S([N-]S(=O)(C(F)(F)F)=O)(C(F)(F)F)=O,0.388040311,0.959745064,0.001936486,0.280872589,0.94511308,488.0557659,1642.26737,1737.64114,2.627442626,0.314798833,279.9178424,0.666666667,0.866666667,280.147,0.4802902,0.4802902,-0.420674932,0,92,157.376,"1,3-dimethylimidazolium",CN1C=C[N+](C)=C1,0.477143545,0.97477297,0.011288271,0.223198695,0.797985688,70.69157764,252.7383385,316.7203903,1.815200891,0.106145356,97.07602471,2,3,88.069,0.242805372,0.242805372,-0.239541307,0,38,101.4,"1,3-dimethylimidazolium bis(trifluoromethylsulfonyl)imide",CN1C=C[N+](C)=C1.O=S([N-]S(=O)(C(F)(F)F)=O)(C(F)(F)F)=O,0.451208447,0.970644234,0.001754262,0.240519793,0.949580884,541.2991985,2137.068909,2250.5391,2.555782117,0.225529767,376.9938671,1.090909091,1.545454545,368.216,0.4802902,0.4802902,-0.420674932,0,130,174.104,bis(trifluoromethylsulfonyl)imide,O=S([N-]S(=O)(C(F)(F)F)=O)(C(F)(F)F)=O,-1821.517869,-0.286547135,0.172652479,-0.095325609,0.364114522,2.142514102,2.175323662,"1,3-dimethylimidazolium",CN1C=C[N+](C)=C1,-303.346199,-0.530404,-0.065098,-0.015993,-0.431131,0.125853,0.449409,14.4269888,7.794082072,7.794082072,1.7706656,-4.696147429,1.7706656,6.023416472,imidazolium,imid,"1,3-Dimethylimidazolium bis(trifluoromethylsulfonyl)imide",9.36,3.2,1.57,<RT,37.1,C7H9F6N3O4S2,30,22,25,7.8,37.1,1.784090909,liquid,0,0,0,0,0,0,0,0,0,0,0,0,0,0,7.8
ethyl sulfate,[O-]S(=O)(OCC)=O,0.265624239,0.926246174,0.007636703,0.376919122,0.949922264,124.3890604,313.4888386,330.0152556,1.751714621,0.354403032,124.9914032,2.142857143,2.714285714,120.085,0.725519396,0.217124011,-0.725519396,0,44,95.448,"1,3-dimethylimidazolium",CN1C=C[N+](C)=C1,0.477143545,0.97477297,0.011288271,0.223198695,0.797985688,70.69157764,252.7383385,316.7203903,1.815200891,0.106145356,97.07602471,2,3,88.069,0.242805372,0.242805372,-0.239541307,0,38,101.4,"1,3-dimethylimidazolium ethyl sulfate",CN1C=C[N+](C)=C1.[O-]S(=O)(OCC)=O,0.391586841,0.96069532,0.004747498,0.27760494,0.93588268,197.1317707,664.5854717,710.1162205,1.880406529,0.270948899,222.0674279,1.857142857,2.642857143,208.154,0.725519396,0.242805372,-0.725519396,0,82,125.512,ethyl sulfate,[O-]S(=O)(OCC)=O,-775.7228699,-0.244251223,0.164500983,2.41072609,0.085358376,-0.460251525,2.455751983,"1,3-dimethylimidazolium",CN1C=C[N+](C)=C1,-303.346199,-0.530404,-0.065098,-0.015993,-0.431131,0.125853,0.449409,14.4269888,6.643633266,6.643633266,1.7706656,-4.474426738,1.7706656,4.872967666,imidazolium,sulfate,0,0,0,0,unknown,0,0,0,0,0,0,0,0,unknown,0,0,0,CN1C=C[N+](C)=C1.[O-]S(=O)(OCC)=O,0,4.534129114,3.952479526,3.8677783,0,1,1,0,4.11812898,2,4.11812898
trifluoroacetate,O=C(C(F)(F)F)[O-],0.109492708,0.835347051,0.00623479,0.549722934,0.844469918,135.4448114,208.0667584,246.3874129,1.615502753,0.44725842,112.9855875,1.428571429,1.571428571,113.014,0.541726828,0.430292217,-0.541726828,0,42,71.376,"1,3-dimethylimidazolium",CN1C=C[N+](C)=C1,0.477143545,0.97477297,0.011288271,0.223198695,0.797985688,70.69157764,252.7383385,316.7203903,1.815200891,0.106145356,97.07602471,2,3,88.069,0.242805372,0.242805372,-0.239541307,0,38,101.4,"1,3-dimethylimidazolium trifluoroacetate",CN1C=C[N+](C)=C1.O=C(C(F)(F)F)[O-],0.244477328,0.921931843,0.003743746,0.387352136,0.808102381,215.8539396,450.3191445,557.2550645,1.706099567,0.166790652,210.0616122,1.714285714,2.285714286,201.083,0.541726828,0.430292217,-0.541726828,0,80,114.92,trifluoroacetate,O=C(C(F)(F)F)[O-],-523.9974239,-0.229043901,0.208025085,-2.008840314,0.314340068,-0.066507194,2.034372703,"1,3-dimethylimidazolium",CN1C=C[N+](C)=C1,-303.346199,-0.530404,-0.065098,-0.015993,-0.431131,0.125853,0.449409,14.4269888,6.229994107,6.229994107,1.7706656,-5.658282312,1.7706656,4.459328507,imidazolium,acetate,0,0,0,0,unknown,0,0,0,0,0,0,0,0,unknown,0,0,0,CN1C=C[N+](C)=C1.O=C(C(F)(F)F)[O-],0,7.634989227,6.546672222,5.289537,1,1,1,0,6.490399483,3,6.490399483
tetrafluoroborate,F[B-](F)(F)F,0.000491698,0.271872897,0.009399186,0.962333169,0.982567926,104.53755,106.7356368,108.6292704,1.357450247,0.962597068,87.00346686,0.8,0.8,86.804,0.673213119,0.673213119,-0.41830328,0,32,52.704,"1,3-dimethylimidazolium",CN1C=C[N+](C)=C1,0.477143545,0.97477297,0.011288271,0.223198695,0.797985688,70.69157764,252.7383385,316.7203903,1.815200891,0.106145356,97.07602471,2,3,88.069,0.242805372,0.242805372,-0.239541307,0,38,101.4,"1,3-dimethylimidazolium tetrafluoroborate",CN1C=C[N+](C)=C1.F[B-](F)(F)F,0.214423791,0.909201415,0.004742182,0.416356562,0.842450202,177.6503444,359.4552895,426.6783822,1.618567696,0.173753436,184.0794916,1.5,2.083333333,174.873,0.673213119,0.673213119,-0.41830328,0,70,112.8,tetrafluoroborate,F[B-](F)(F)F,-422.862214,-0.380507,0.219733,0,0,0,0,"1,3-dimethylimidazolium",CN1C=C[N+](C)=C1,-303.346199,-0.530404,-0.065098,-0.015993,-0.431131,0.125853,0.449409,14.4269888,10.3497904,10.3497904,1.7706656,-5.9767376,1.7706656,8.5791248,imidazolium,tetrafluoroborate,0,0,0,0,unknown,0,0,0,0,0,0,0,0,unknown,0,0,0,CN1C=C[N+](C)=C1.F[B-](F)(F)F,0,11.15191921,13.95984444,13.5957,1,1,1,0,12.90248788,3,12.90248788
bis(fluorosulfonyl)imide,[N-](S(=O)(=O)F)S(=O)(=O)F,0.342076194,0.949116931,0.004542736,0.314923882,0.95555797,210.3485642,638.2502513,667.9346215,2.051702352,0.422286139,179.9242295,0.888888889,1.111111111,180.133,0.379312199,0.241254649,-0.379312199,0,56,103.696,"1,3-dimethylimidazolium",CN1C=C[N+](C)=C1,0.477143545,0.97477297,0.011288271,0.223198695,0.797985688,70.69157764,252.7383385,316.7203903,1.815200891,0.106145356,97.07602471,2,3,88.069,0.242805372,0.242805372,-0.239541307,0,38,101.4,"1,3-dimethylimidazolium bis(fluorosulfonyl)imide",CN1C=C[N+](C)=C1.[N-](S(=O)(=O)F)S(=O)(=O)F,0.385593318,0.959826336,0.003360477,0.280594735,0.923107687,274.6954465,903.700058,978.9757691,1.972390373,0.206844478,277.0002542,1.375,1.9375,268.202,0.379312199,0.242805372,-0.379312199,0,94,136.216,bis(fluorosulfonyl)imide,[N-](S(=O)(=O)F)S(=O)(=O)F,-1347.908249,-0.303547,0.195733,-0.064455,0.646874,-0.175063,0.673236,"1,3-dimethylimidazolium",CN1C=C[N+](C)=C1,-303.346199,-0.530404,-0.065098,-0.015993,-0.431131,0.125853,0.449409,14.4269888,8.2564784,8.2564784,1.7706656,-5.3239376,1.7706656,6.4858128,imidazolium,imid,0,0,0,0,unknown,0,0,0,0,0,0,0,0,unknown,0,0,0,CN1C=C[N+](C)=C1.[N-](S(=O)(=O)F)S(=O)(=O)F,0,11.22696789,4.457586772,8.133071,1,1,1,0,7.939208553,3,7.939208553
nitrate,[O-][N+]([O-])=O,0.256721474,0.891680064,0.014245612,0.452666172,0.547333828,38.42122251,46.45638681,84.87760932,1.1700023,7.86E-12,61.98836644,1.5,1.5,62.004,0.356293863,0.068881589,-0.356293863,0,24,43.976,1-(2-hydroxyethyl)-3-methylimidazolium,CN1C=C[N+](CCO)=C1,0.463477765,0.972743431,0.0071898,0.231884061,0.933155746,129.7888357,522.3006596,559.7143475,2.182800034,0.265547293,127.0865894,2.222222222,3.222222222,116.079,0.392288644,0.243113412,-0.392288644,0,50,126.656,1-(2-hydroxyethyl)-3-methylimidazolium nitrate,CN1C=C[N+](CCO)=C1.[O-][N+]([O-])=O,0.553798167,0.98345102,0.006534959,0.181174203,0.918357514,140.5299679,712.3351451,775.6621301,2.074699663,0.196731608,189.0749558,2,2.692307692,178.083,0.392288644,0.243113412,-0.392288644,0,74,134.352,nitrate,[O-][N+]([O-])=O,-279.0107095,-0.222064037,0.277674413,0.000311666,-1.20E-05,1.85E-06,0.000311903,1-(2-hydroxyethyl)-3-methylimidazolium,CN1C=C[N+](CCO)=C1,-417.269839,-0.528468,-0.063016,-1.723449,0.012396,-0.235927,1.739566,14.3743296,6.040141806,6.040141806,1.7140352,-7.552744034,1.7140352,4.326106606,imidazolium,nitrate,0,0,0,0,unknown,0,0,0,0,0,0,0,0,unknown,0,0,0,CN1C=C[N+](CCO)=C1.[O-][N+]([O-])=O,0,6.450442406,11.36565097,12.604463,1,1,0,0,10.14018546,2,10.14018546
bis(fluorosulfonyl)imide,[N-](S(=O)(=O)F)S(=O)(=O)F,0.342076194,0.949116931,0.004542736,0.314923882,0.95555797,210.3485642,638.2502513,667.9346215,2.051702352,0.422286139,179.9242295,0.888888889,1.111111111,180.133,0.379312199,0.241254649,-0.379312199,0,56,103.696,1-allyl-3-methylimidazolium,CN1C=C[N+](CC=C)=C1,0.577315171,0.985517547,0.008771746,0.169573476,0.928226914,105.8200823,579.2477131,624.036757,2.305174632,0.215625226,123.0916748,2.444444444,3.444444444,112.091,0.24329181,0.24329181,-0.239525854,0,48,128.928,1-allyl-3-methylimidazolium bis(fluorosulfonyl)imide,CN1C=C[N+](CC=C)=C1.[N-](S(=O)(=O)F)S(=O)(=O)F,0.29768851,0.936211526,0.002513884,0.35143702,0.965771918,384.1752541,1055.738726,1093.155336,2.043448716,0.446295008,303.0159043,1.666666667,2.277777778,292.224,0.379312199,0.24329181,-0.379312199,0,104,159.824,bis(fluorosulfonyl)imide,[N-](S(=O)(=O)F)S(=O)(=O)F,-1347.908249,-0.303547,0.195733,-0.064455,0.646874,-0.175063,0.673236,1-allyl-3-methylimidazolium,CN1C=C[N+](CC=C)=C1,-380.245915,-0.513244,-0.062651,-1.145379,-0.230682,0.478013,1.26238,13.9602368,8.2564784,8.2564784,1.7041072,-5.3239376,1.7041072,6.5523712,imidazolium,imid,0,0,0,0,unknown,0,0,0,0,0,0,0,0,unknown,0,0,0,CN1C=C[N+](CC=C)=C1.[N-](S(=O)(=O)F)S(=O)(=O)F,0,11.12917273,4.513267831,6.1462746,1,1,1,0,7.262905055,3,7.262905055
bis(trifluoromethylsulfonyl)imide,O=S([N-]S(=O)(C(F)(F)F)=O)(C(F)(F)F)=O,0.388040311,0.959745064,0.001936486,0.280872589,0.94511308,488.0557659,1642.26737,1737.64114,2.627442626,0.314798833,279.9178424,0.666666667,0.866666667,280.147,0.4802902,0.4802902,-0.420674932,0,92,157.376,1-ethyl-3-methylimidazolium,C[N+]1=CN(CC)C=C1,0.485961594,0.976255997,0.009099796,0.216620008,0.879118377,96.6085788,392.0707869,445.9817893,2.050322619,0.212955007,111.0916748,2.125,3.125,100.08,0.243018699,0.243018699,-0.239534146,0,44,117.776,1-ethyl-3-methylimidazolium bis(trifluoromethylsulfonyl)imide,C[N+]1=CN(CC)C=C1.O=S([N-]S(=O)(C(F)(F)F)=O)(C(F)(F)F)=O,0.393372323,0.960075171,0.001582567,0.279742142,0.968540505,612.0059891,2118.924894,2187.750418,2.506952448,0.31745735,391.0095172,1.173913043,1.652173913,380.227,0.4802902,0.4802902,-0.420674932,0,136,188.264,bis(trifluoromethylsulfonyl)imide,O=S([N-]S(=O)(C(F)(F)F)=O)(C(F)(F)F)=O,-1821.517869,-0.286547135,0.172652479,-0.095325609,0.364114522,2.142514102,2.175323662,1-ethyl-3-methylimidazolium,C[N+]1=CN(CC)C=C1,-342.39522,-0.525908,-0.06359,-0.467064,-0.50568,0.086163,0.695937,14.3046976,7.794082072,7.794082072,1.729648,-4.696147429,1.729648,6.064434072,imidazolium,imid,1-Ethyl-3-methylimidazolium bis(trifluoromethylsulfonyl)imide,6.63,4.7,1.52,-3,39.4,C8H11F6N3O4S2,25,25,25,6.63,39.4,1.52,liquid,0,0,0,0,0,0,0,0,0,0,0,0,0,0,6.63
triflate,C(F)(F)(F)S(=O)(=O)[O-],0.098068468,0.809741977,0.004902674,0.586786104,0.974406316,198.7499598,330.040563,338.7093841,1.705791915,0.666972476,148.9525731,1.25,1.375,149.069,0.741154773,0.485234805,-0.741154773,0,50,86.688,1-ethyl-3-methylimidazolium,C[N+]1=CN(CC)C=C1,0.485961594,0.976255997,0.009099796,0.216620008,0.879118377,96.6085788,392.0707869,445.9817893,2.050322619,0.212955007,111.0916748,2.125,3.125,100.08,0.243018699,0.243018699,-0.239534146,0,44,117.776,1-ethyl-3-methylimidazolium triflate,C[N+]1=CN(CC)C=C1.C(F)(F)(F)S(=O)(=O)[O-],0.244984488,0.919159026,0.0030679,0.393886639,0.934896982,304.7351684,723.2943716,773.6621096,1.86054729,0.301604761,260.0442479,1.6875,2.25,249.149,0.741154773,0.485234805,-0.741154773,0,94,142.84,triflate,C(F)(F)(F)S(=O)(=O)[O-],-958.4631671,-0.26754993,0.195673969,1.77234156,-0.21203846,-0.036153192,1.785346455,1-ethyl-3-methylimidazolium,C[N+]1=CN(CC)C=C1,-342.39522,-0.525908,-0.06359,-0.467064,-0.50568,0.086163,0.695937,14.3046976,7.277358096,7.277358096,1.729648,-5.322331957,1.729648,5.547710096,imidazolium,triflate,1-Ethyl-3-methylimidazolium triflate,9.84,3.9,1.39,-9,39.8,C7H11F3N2O3S,25,25,25,9.84,39.8,1.39,liquid,0,0,0,0,0,0,0,0,0,0,0,0,0,0,9.84
ethyl sulfate,[O-]S(=O)(OCC)=O,0.265624239,0.926246174,0.007636703,0.376919122,0.949922264,124.3890604,313.4888386,330.0152556,1.751714621,0.354403032,124.9914032,2.142857143,2.714285714,120.085,0.725519396,0.217124011,-0.725519396,0,44,95.448,1-ethyl-3-methylimidazolium,C[N+]1=CN(CC)C=C1,0.485961594,0.976255997,0.009099796,0.216620008,0.879118377,96.6085788,392.0707869,445.9817893,2.050322619,0.212955007,111.0916748,2.125,3.125,100.08,0.243018699,0.243018699,-0.239534146,0,44,117.776,1-ethyl-3-methylimidazolium ethyl sulfate,C[N+]1=CN(CC)C=C1.[O-]S(=O)(OCC)=O,0.352599203,0.951224702,0.004104767,0.308498893,0.966942869,235.5658157,738.3452291,763.587232,1.917439922,0.361318331,236.083078,1.733333333,2.533333333,220.165,0.725519396,0.243018699,-0.725519396,0,88,139.856,ethyl sulfate,[O-]S(=O)(OCC)=O,-775.7228699,-0.244251223,0.164500983,2.41072609,0.085358376,-0.460251525,2.455751983,1-ethyl-3-methylimidazolium,C[N+]1=CN(CC)C=C1,-342.39522,-0.525908,-0.06359,-0.467064,-0.50568,0.086163,0.695937,14.3046976,6.643633266,6.643633266,1.729648,-4.474426738,1.729648,4.913985266,imidazolium,sulfate,1-Ethyl-3-methylimidazolium ethyl sulfate,5.56,4,1.24,<RT,94.2,C8H16N2O4S,25,25,25,5.56,94.2,1.24,liquid,0,0,0,0,0,0,0,0,0,0,0,0,0,0,5.56
trifluoroacetate,O=C(C(F)(F)F)[O-],0.109492708,0.835347051,0.00623479,0.549722934,0.844469918,135.4448114,208.0667584,246.3874129,1.615502753,0.44725842,112.9855875,1.428571429,1.571428571,113.014,0.541726828,0.430292217,-0.541726828,0,42,71.376,1-ethyl-3-methylimidazolium,C[N+]1=CN(CC)C=C1,0.485961594,0.976255997,0.009099796,0.216620008,0.879118377,96.6085788,392.0707869,445.9817893,2.050322619,0.212955007,111.0916748,2.125,3.125,100.08,0.243018699,0.243018699,-0.239534146,0,44,117.776,1-ethyl-3-methylimidazolium trifluoroacetate,C[N+]1=CN(CC)C=C1.O=C(C(F)(F)F)[O-],0.288176993,0.935075801,0.003914158,0.354447805,0.927288041,236.9061255,619.7815701,668.380851,1.844290438,0.284631061,224.0772623,1.8,2.4,213.094,0.541726828,0.430292217,-0.541726828,0,86,131.872,trifluoroacetate,O=C(C(F)(F)F)[O-],-523.9974239,-0.229043901,0.208025085,-2.008840314,0.314340068,-0.066507194,2.034372703,1-ethyl-3-methylimidazolium,C[N+]1=CN(CC)C=C1,-342.39522,-0.525908,-0.06359,-0.467064,-0.50568,0.086163,0.695937,14.3046976,6.229994107,6.229994107,1.729648,-5.658282312,1.729648,4.500346107,imidazolium,acetate,1-Ethyl-3-methylimidazolium trifluoroacetate,0,0,1.31,-14,28.7,C8H11F3N2O2,25,25,25,0,28.7,1.31,liquid,0,0,0,0,0,9.031951818,3.529366149,5.7136536,1,0,1,0,6.091657189,2,6.091657189
tetrafluoroborate,F[B-](F)(F)F,0.000491698,0.271872897,0.009399186,0.962333169,0.982567926,104.53755,106.7356368,108.6292704,1.357450247,0.962597068,87.00346686,0.8,0.8,86.804,0.673213119,0.673213119,-0.41830328,0,32,52.704,1-ethyl-3-methylimidazolium,C[N+]1=CN(CC)C=C1,0.485961594,0.976255997,0.009099796,0.216620008,0.879118377,96.6085788,392.0707869,445.9817893,2.050322619,0.212955007,111.0916748,2.125,3.125,100.08,0.243018699,0.243018699,-0.239534146,0,44,117.776,1-ethyl-3-methylimidazolium tetrafluoroborate,C[N+]1=CN(CC)C=C1.F[B-](F)(F)F,0.261235861,0.926675007,0.004466844,0.375863582,0.908449868,203.3762177,491.5536037,541.0905115,1.766834718,0.279064592,198.0951416,1.615384615,2.230769231,186.884,0.673213119,0.673213119,-0.41830328,0,76,129.96,tetrafluoroborate,F[B-](F)(F)F,-422.862214,-0.380507,0.219733,0,0,0,0,1-ethyl-3-methylimidazolium,C[N+]1=CN(CC)C=C1,-342.39522,-0.525908,-0.06359,-0.467064,-0.50568,0.086163,0.695937,14.3046976,10.3497904,10.3497904,1.729648,-5.9767376,1.729648,8.6201424,imidazolium,tetrafluoroborate,1-Ethyl-3-methylimidazolium tetrafluoroborate,14.1,3.6,1.28,15,33.8,C6H11BF4N2,25,25,25,14.1,33.8,1.28,liquid,0,0,0,0,0,0,0,0,0,0,0,0,0,0,14.1
bis(fluorosulfonyl)imide,[N-](S(=O)(=O)F)S(=O)(=O)F,0.342076194,0.949116931,0.004542736,0.314923882,0.95555797,210.3485642,638.2502513,667.9346215,2.051702352,0.422286139,179.9242295,0.888888889,1.111111111,180.133,0.379312199,0.241254649,-0.379312199,0,56,103.696,1-ethyl-3-methylimidazolium,C[N+]1=CN(CC)C=C1,0.485961594,0.976255997,0.009099796,0.216620008,0.879118377,96.6085788,392.0707869,445.9817893,2.050322619,0.212955007,111.0916748,2.125,3.125,100.08,0.243018699,0.243018699,-0.239534146,0,44,117.776,1-ethyl-3-methylimidazolium bis(fluorosulfonyl)imide,C[N+]1=CN(CC)C=C1.[N-](S(=O)(=O)F)S(=O)(=O)F,0.351089519,0.952599232,0.00277481,0.304228045,0.915684204,329.9988782,993.2508351,1084.708932,2.033005373,0.273392829,291.0159043,1.470588235,2.058823529,280.213,0.379312199,0.243018699,-0.379312199,0,100,147.264,bis(fluorosulfonyl)imide,[N-](S(=O)(=O)F)S(=O)(=O)F,-1347.908249,-0.303547,0.195733,-0.064455,0.646874,-0.175063,0.673236,1-ethyl-3-methylimidazolium,C[N+]1=CN(CC)C=C1,-342.39522,-0.525908,-0.06359,-0.467064,-0.50568,0.086163,0.695937,14.3046976,8.2564784,8.2564784,1.729648,-5.3239376,1.729648,6.5268304,imidazolium,imid,1-Ethyl-3-methylimidazolium bis(fluorosulfonyl)imide,0,0,0,<RT,0,C6H11F2N3O4S2,25,25,25,0,0,0,liquid,0,0,0,0,0,10.35901706,5.608368506,8.969309,1,1,1,0,8.312231522,3,8.312231522
bis(fluorosulfonyl)imide,[N-](S(=O)(=O)F)S(=O)(=O)F,0.342076194,0.949116931,0.004542736,0.314923882,0.95555797,210.3485642,638.2502513,667.9346215,2.051702352,0.422286139,179.9242295,0.888888889,1.111111111,180.133,0.379312199,0.241254649,-0.379312199,0,56,103.696,1-methyl-1-propylpyrrolidinium,C[N+]1(CCC)CCCC1,0.372319905,0.956087278,0.006104611,0.293082101,0.95733271,156.8212589,512.2459556,535.0762071,2.166776164,0.464686798,128.143376,1.666666667,2.444444444,110.095,0.326046019,0.092412051,-0.326046019,0,54,148.048,1-methyl-1-propylpyrrolidinium bis(fluorosulfonyl)imide,C[N+]1(CCC)CCCC1.[N-](S(=O)(=O)F)S(=O)(=O)F,0.274973894,0.931161555,0.002263683,0.364606854,0.916898025,405.0470601,1018.59536,1110.914554,2.027209172,0.473945951,308.0676055,1.277777778,1.777777778,290.228,0.379312199,0.241254649,-0.379312199,0,110,162.624,bis(fluorosulfonyl)imide,[N-](S(=O)(=O)F)S(=O)(=O)F,-1347.908249,-0.303547,0.195733,-0.064455,0.646874,-0.175063,0.673236,1-methyl-1-propylpyrrolidinium,C[N+]1(CCC)CCCC1,-367.752011,-0.624353,-0.057267,-0.146642,-0.583621,-0.418736,0.733114,16.9824016,8.2564784,8.2564784,1.5576624,-5.3239376,1.5576624,6.698816,pyrrolidinium,imid,0,0,0,0,unknown,0,0,0,0,0,0,0,0,unknown,0,0,0,C[N+]1(CCC)CCCC1.[N-](S(=O)(=O)F)S(=O)(=O)F,0,7.702771696,4.439251165,7.2108746,1,1,0,0,6.45096582,2,6.45096582
bis(trifluoromethylsulfonyl)imide,O=S([N-]S(=O)(C(F)(F)F)=O)(C(F)(F)F)=O,0.388040311,0.959745064,0.001936486,0.280872589,0.94511308,488.0557659,1642.26737,1737.64114,2.627442626,0.314798833,279.9178424,0.666666667,0.866666667,280.147,0.4802902,0.4802902,-0.420674932,0,92,157.376,1-methyl-3-propylimidazolium,C[N+]1=CN(CCC)C=C1,0.608182486,0.988068398,0.008611859,0.154015717,0.912189166,105.9224406,627.3470325,687.7378684,2.382262809,0.169087494,125.1073248,2,3,112.091,0.243028653,0.243028653,-0.239533997,0,50,134.12,1-methyl-3-propylimidazolium bis(trifluoromethylsulfonyl)imide,C[N+]1=CN(CCC)C=C1.O=S([N-]S(=O)(C(F)(F)F)=O)(C(F)(F)F)=O,0.399528761,0.961268766,0.001489241,0.275612697,0.968967744,650.6452737,2287.464582,2360.723147,2.556609012,0.339167753,405.0251672,1.166666667,1.666666667,392.238,0.4802902,0.4802902,-0.420674932,0,142,191.56,bis(trifluoromethylsulfonyl)imide,O=S([N-]S(=O)(C(F)(F)F)=O)(C(F)(F)F)=O,-1821.517869,-0.286547135,0.172652479,-0.095325609,0.364114522,2.142514102,2.175323662,1-methyl-3-propylimidazolium,C[N+]1=CN(CCC)C=C1,-381.439268,-0.522647,-0.063193,-1.155446,0.201291,0.014286,1.172935,14.2159984,7.794082072,7.794082072,1.7188496,-4.696147429,1.7188496,6.075232472,imidazolium,imid,1-Methyl-3-propylimidazolium bis(trifluoromethylsulfonyl)imide,4.4,4.9,1.48,<RT,43.8,C9H13F6N3O4S2,20,18,25,5.5,43.8,2.055555556,liquid,0,0,0,0,0,0,0,0,0,0,0,0,0,0,5.5
triflate,C(F)(F)(F)S(=O)(=O)[O-],0.098068468,0.809741977,0.004902674,0.586786104,0.974406316,198.7499598,330.040563,338.7093841,1.705791915,0.666972476,148.9525731,1.25,1.375,149.069,0.741154773,0.485234805,-0.741154773,0,50,86.688,1-methyl-3-propylimidazolium,C[N+]1=CN(CCC)C=C1,0.608182486,0.988068398,0.008611859,0.154015717,0.912189166,105.9224406,627.3470325,687.7378684,2.382262809,0.169087494,125.1073248,2,3,112.091,0.243028653,0.243028653,-0.239533997,0,50,134.12,1-methyl-3-propylimidazolium triflate,C[N+]1=CN(CCC)C=C1.C(F)(F)(F)S(=O)(=O)[O-],0.247001484,0.92080397,0.002598293,0.390025703,0.919040124,353.7091342,833.4652934,906.8867302,1.953868269,0.325721227,274.0598979,1.647058824,2.235294118,261.16,0.741154773,0.485234805,-0.741154773,0,100,156.96,triflate,C(F)(F)(F)S(=O)(=O)[O-],-958.4631671,-0.26754993,0.195673969,1.77234156,-0.21203846,-0.036153192,1.785346455,1-methyl-3-propylimidazolium,C[N+]1=CN(CCC)C=C1,-381.439268,-0.522647,-0.063193,-1.155446,0.201291,0.014286,1.172935,14.2159984,7.277358096,7.277358096,1.7188496,-5.322331957,1.7188496,5.558508496,imidazolium,triflate,1-Methyl-3-propylimidazolium triflate,0,0,0,<RT,0,C8H13F3N2O3S,25,25,25,0,0,0,liquid,0,0,0,0,0,5.758752107,4.846912923,7.686574,0,1,1,0,6.09741301,2,6.09741301
bis(fluorosulfonyl)imide,[N-](S(=O)(=O)F)S(=O)(=O)F,0.342076194,0.949116931,0.004542736,0.314923882,0.95555797,210.3485642,638.2502513,667.9346215,2.051702352,0.422286139,179.9242295,0.888888889,1.111111111,180.133,0.379312199,0.241254649,-0.379312199,0,56,103.696,1-methyl-3-propylimidazolium,C[N+]1=CN(CCC)C=C1,0.608182486,0.988068398,0.008611859,0.154015717,0.912189166,105.9224406,627.3470325,687.7378684,2.382262809,0.169087494,125.1073248,2,3,112.091,0.243028653,0.243028653,-0.239533997,0,50,134.12,1-methyl-3-propylimidazolium bis(fluorosulfonyl)imide,C[N+]1=CN(CCC)C=C1.[N-](S(=O)(=O)F)S(=O)(=O)F,0.33157152,0.947444774,0.00251571,0.319919367,0.928862296,369.2246385,1072.016519,1154.117809,2.061580999,0.31365919,305.0315543,1.444444444,2.055555556,292.224,0.379312199,0.243028653,-0.379312199,0,106,160.744,bis(fluorosulfonyl)imide,[N-](S(=O)(=O)F)S(=O)(=O)F,-1347.908249,-0.303547,0.195733,-0.064455,0.646874,-0.175063,0.673236,1-methyl-3-propylimidazolium,C[N+]1=CN(CCC)C=C1,-381.439268,-0.522647,-0.063193,-1.155446,0.201291,0.014286,1.172935,14.2159984,8.2564784,8.2564784,1.7188496,-5.3239376,1.7188496,6.5376288,imidazolium,imid,0,0,0,0,unknown,0,0,0,0,0,0,0,0,unknown,0,0,0,C[N+]1=CN(CCC)C=C1.[N-](S(=O)(=O)F)S(=O)(=O)F,0,8.633337308,4.044236139,6.9499345,1,0,1,0,6.542502649,2,6.542502649
bis(trifluoromethylsulfonyl)imide,O=S([N-]S(=O)(C(F)(F)F)=O)(C(F)(F)F)=O,0.388040311,0.959745064,0.001936486,0.280872589,0.94511308,488.0557659,1642.26737,1737.64114,2.627442626,0.314798833,279.9178424,0.666666667,0.866666667,280.147,0.4802902,0.4802902,-0.420674932,0,92,157.376,1-propyl-3-methylpyridinium,CC1=C[N+](CCC)=CC=C1,0.363475956,0.956314009,0.004223414,0.292341436,0.844006071,199.8397561,576.9485483,683.5834106,2.315258348,0.258768025,136.1120759,1.9,2.9,122.106,0.204881355,0.171183814,-0.204881355,0,54,148.12,1-propyl-3-methylpyridinium bis(trifluoromethylsulfonyl)imide,CC1=C[N+](CCC)=CC=C1.O=S([N-]S(=O)(C(F)(F)F)=O)(C(F)(F)F)=O,0.442753834,0.969304488,0.001432451,0.245863396,0.951207584,664.0420141,2569.076205,2700.857571,2.669443785,0.23389854,416.0299182,1.16,1.68,402.253,0.4802902,0.4802902,-0.420674932,0,146,196.456,bis(trifluoromethylsulfonyl)imide,O=S([N-]S(=O)(C(F)(F)F)=O)(C(F)(F)F)=O,-1821.517869,-0.286547135,0.172652479,-0.095325609,0.364114522,2.142514102,2.175323662,1-propyl-3-methylpyridinium,CC1=C[N+](CCC)=CC=C1,-403.316889,-0.526178,-0.102001,-0.440624,0.390604,-0.06364,0.592259,14.3120416,7.794082072,7.794082072,2.7744272,-4.696147429,2.7744272,5.019654872,pyridinium,imid,1-Propyl-3-methylpyridinium bis(trifluoromethylsulfonyl)imide,7.47,0,1.45,<RT,53.4,C11H14F6N2O4S2,30,22,25,6.225,53.4,1.647727273,liquid,0,0,0,0,0,0,0,0,0,0,0,0,0,0,6.225
bis(fluorosulfonyl)imide,[N-](S(=O)(=O)F)S(=O)(=O)F,0.342076194,0.949116931,0.004542736,0.314923882,0.95555797,210.3485642,638.2502513,667.9346215,2.051702352,0.422286139,179.9242295,0.888888889,1.111111111,180.133,0.379312199,0.241254649,-0.379312199,0,56,103.696,1-propyl-3-methylpyridinium,CC1=C[N+](CCC)=CC=C1,0.363475956,0.956314009,0.004223414,0.292341436,0.844006071,199.8397561,576.9485483,683.5834106,2.315258348,0.258768025,136.1120759,1.9,2.9,122.106,0.204881355,0.171183814,-0.204881355,0,54,148.12,1-propyl-3-methylpyridinium bis(fluorosulfonyl)imide,CC1=C[N+](CCC)=CC=C1.[N-](S(=O)(=O)F)S(=O)(=O)F,0.293550517,0.9382407,0.001933758,0.345983221,0.879768796,454.9528579,1156.857625,1314.956419,2.150772445,0.301373975,316.0363054,1.421052632,2.052631579,302.239,0.379312199,0.241254649,-0.379312199,0,110,174.056,bis(fluorosulfonyl)imide,[N-](S(=O)(=O)F)S(=O)(=O)F,-1347.908249,-0.303547,0.195733,-0.064455,0.646874,-0.175063,0.673236,1-propyl-3-methylpyridinium,CC1=C[N+](CCC)=CC=C1,-403.316889,-0.526178,-0.102001,-0.440624,0.390604,-0.06364,0.592259,14.3120416,8.2564784,8.2564784,2.7744272,-5.3239376,2.7744272,5.4820512,pyridinium,imid,0,0,0,0,unknown,0,0,0,0,0,0,0,0,unknown,0,0,0,CC1=C[N+](CCC)=CC=C1.[N-](S(=O)(=O)F)S(=O)(=O)F,0,5.898359014,4.966913109,5.8945074,0,1,1,0,5.586593174,2,5.586593174
bis(fluorosulfonyl)imide,[N-](S(=O)(=O)F)S(=O)(=O)F,0.342076194,0.949116931,0.004542736,0.314923882,0.95555797,210.3485642,638.2502513,667.9346215,2.051702352,0.422286139,179.9242295,0.888888889,1.111111111,180.133,0.379312199,0.241254649,-0.379312199,0,56,103.696,2-hydroxyethylammonium,OCC[NH3+],0.630693798,0.989584137,0.047145423,0.14395567,0.936114584,19.85589539,129.1188688,137.9306241,1.519975298,0.419265522,62.0600403,2.75,3.75,54.028,0.39051915,0.344074279,-0.39051915,0,26,68.632,2-hydroxyethylammonium bis(fluorosulfonyl)imide,OCC[NH3+].[N-](S(=O)(=O)F)S(=O)(=O)F,0.350806188,0.95086447,0.004022687,0.30960743,0.965227947,239.9460948,748.0527089,775.0010876,1.907663027,0.474938256,241.9842698,1.461538462,1.923076923,234.161,0.39051915,0.344074279,-0.39051915,0,82,116.424,bis(fluorosulfonyl)imide,[N-](S(=O)(=O)F)S(=O)(=O)F,-1347.908249,-0.303547,0.195733,-0.064455,0.646874,-0.175063,0.673236,2-hydroxyethylammonium,OCC[NH3+],-209.545813,-0.634072,-0.097389,-1.478232,-0.247094,0.401041,1.55147,17.2467584,8.2564784,8.2564784,2.6489808,-5.3239376,2.6489808,5.6074976,ammonium,imid,0,0,0,0,unknown,0,0,0,0,0,0,0,0,unknown,0,0,0,OCC[NH3+].[N-](S(=O)(=O)F)S(=O)(=O)F,0,15.16001008,5.640731944,5.909319,1,1,0,0,8.903353676,2,8.903353676
bis(fluorosulfonyl)imide,[N-](S(=O)(=O)F)S(=O)(=O)F,0.342076194,0.949116931,0.004542736,0.314923882,0.95555797,210.3485642,638.2502513,667.9346215,2.051702352,0.422286139,179.9242295,0.888888889,1.111111111,180.133,0.379312199,0.241254649,-0.379312199,0,56,103.696,butyltrimethylammonium,C[N+](CCCC)(C)C,0.500396852,0.976711979,0.008224823,0.214554679,0.984351868,119.6806106,549.0806957,557.8093706,2.29707888,0.399614523,116.143376,1.5,2.25,98.084,0.330914969,0.092390585,-0.330914969,0,50,141.456,butyltrimethylammonium bis(fluorosulfonyl)imide,C[N+](CCCC)(C)C.[N-](S(=O)(=O)F)S(=O)(=O)F,0.299371535,0.935599443,0.002529951,0.353063284,0.985312615,389.4590952,1086.884356,1103.085802,2.08610559,0.492205757,296.0676055,1.176470588,1.647058824,278.217,0.379312199,0.241254649,-0.379312199,0,106,161.248,bis(fluorosulfonyl)imide,[N-](S(=O)(=O)F)S(=O)(=O)F,-1347.908249,-0.303547,0.195733,-0.064455,0.646874,-0.175063,0.673236,butyltrimethylammonium,C[N+](CCCC)(C)C,-329.875749,-0.601645,-0.062224,-1.887294,0.05548,0.001109,1.88811,16.364744,8.2564784,8.2564784,1.6924928,-5.3239376,1.6924928,6.5639856,ammonium,imid,0,0,0,0,unknown,0,0,0,0,0,0,0,0,unknown,0,0,0,C[N+](CCCC)(C)C.[N-](S(=O)(=O)F)S(=O)(=O)F,0,7.426400415,3.925751165,5.547924,1,1,0,0,5.633358527,2,5.633358527
triflate,C(F)(F)(F)S(=O)(=O)[O-],0.098068468,0.809741977,0.004902674,0.586786104,0.974406316,198.7499598,330.040563,338.7093841,1.705791915,0.666972476,148.9525731,1.25,1.375,149.069,0.741154773,0.485234805,-0.741154773,0,50,86.688,diethylmethylammonium,C[NH+](CC)CC,0.216185927,0.903820672,0.00635326,0.427911431,0.70367825,110.7586118,182.1368172,258.8353658,1.768798426,0.374010919,88.11207587,1.833333333,2.5,74.062,0.347365257,0.347365257,-0.337829823,0,38,109.88,diethylmethylammonium triflate,C[NH+](CC)CC.C(F)(F)(F)S(=O)(=O)[O-],0.149359985,0.866156584,0.00315216,0.49977272,0.931862374,295.626637,551.217241,591.5221561,1.741097164,0.497929698,237.064649,1.5,1.857142857,223.131,0.741154773,0.485234805,-0.741154773,0,88,128.232,triflate,C(F)(F)(F)S(=O)(=O)[O-],-958.4631671,-0.26754993,0.195673969,1.77234156,-0.21203846,-0.036153192,1.785346455,diethylmethylammonium,C[NH+](CC)CC,-251.79679,-0.667267,-0.067113,0.039442,0.351791,-0.296645,0.461856,18.1496624,7.277358096,7.277358096,1.8254736,-5.322331957,1.8254736,5.451884496,ammonium,triflate,Diethylmethylammonium triflate,8.1,0,0,<RT,37.7,C6H14F3NO3S,30,25,25,6.75,37.7,0,liquid,0,0,0,0,0,0,0,0,0,0,0,0,0,0,6.75
ethyl sulfate,[O-]S(=O)(OCC)=O,0.265624239,0.926246174,0.007636703,0.376919122,0.949922264,124.3890604,313.4888386,330.0152556,1.751714621,0.354403032,124.9914032,2.142857143,2.714285714,120.085,0.725519396,0.217124011,-0.725519396,0,44,95.448,diethylmethylammonium,C[NH+](CC)CC,0.216185927,0.903820672,0.00635326,0.427911431,0.70367825,110.7586118,182.1368172,258.8353658,1.768798426,0.374010919,88.11207587,1.833333333,2.5,74.062,0.347365257,0.347365257,-0.337829823,0,38,109.88,diethylmethylammonium ethyl sulfate,C[NH+](CC)CC.[O-]S(=O)(OCC)=O,0.299130309,0.940101104,0.003616673,0.340895754,0.868613101,240.1690856,611.9583828,704.5235468,1.910232466,0.364647957,213.1034791,1.538461538,2.153846154,194.147,0.725519396,0.347365257,-0.725519396,0,82,137.08,ethyl sulfate,[O-]S(=O)(OCC)=O,-775.7228699,-0.244251223,0.164500983,2.41072609,0.085358376,-0.460251525,2.455751983,diethylmethylammonium,C[NH+](CC)CC,-251.79679,-0.667267,-0.067113,0.039442,0.351791,-0.296645,0.461856,18.1496624,6.643633266,6.643633266,1.8254736,-4.474426738,1.8254736,4.818159666,ammonium,sulfate,0,0,0,0,unknown,0,0,0,0,0,0,0,0,unknown,0,0,0,C[NH+](CC)CC.[O-]S(=O)(OCC)=O,0,2.568202199,4.048157554,4.485564,0,1,1,0,3.700641251,2,3.700641251
trifluoroacetate,O=C(C(F)(F)F)[O-],0.109492708,0.835347051,0.00623479,0.549722934,0.844469918,135.4448114,208.0667584,246.3874129,1.615502753,0.44725842,112.9855875,1.428571429,1.571428571,113.014,0.541726828,0.430292217,-0.541726828,0,42,71.376,diethylmethylammonium,C[NH+](CC)CC,0.216185927,0.903820672,0.00635326,0.427911431,0.70367825,110.7586118,182.1368172,258.8353658,1.768798426,0.374010919,88.11207587,1.833333333,2.5,74.062,0.347365257,0.347365257,-0.337829823,0,38,109.88,diethylmethylammonium trifluoroacetate,C[NH+](CC)CC.O=C(C(F)(F)F)[O-],0.120343378,0.842830285,0.002818681,0.538179441,0.767641811,272.3408194,388.4581683,506.0409202,1.702901793,0.403421731,201.0976633,1.615384615,2,187.076,0.541726828,0.430292217,-0.541726828,0,80,120.904,trifluoroacetate,O=C(C(F)(F)F)[O-],-523.9974239,-0.229043901,0.208025085,-2.008840314,0.314340068,-0.066507194,2.034372703,diethylmethylammonium,C[NH+](CC)CC,-251.79679,-0.667267,-0.067113,0.039442,0.351791,-0.296645,0.461856,18.1496624,6.229994107,6.229994107,1.8254736,-5.658282312,1.8254736,4.404520507,ammonium,acetate,0,0,0,0,unknown,0,0,0,0,0,0,0,0,unknown,0,0,0,C[NH+](CC)CC.O=C(C(F)(F)F)[O-],0,7.235753024,7.160129776,4.3892517,0,1,1,0,6.2617115,2,6.2617115
tetrafluoroborate,F[B-](F)(F)F,0.000491698,0.271872897,0.009399186,0.962333169,0.982567926,104.53755,106.7356368,108.6292704,1.357450247,0.962597068,87.00346686,0.8,0.8,86.804,0.673213119,0.673213119,-0.41830328,0,32,52.704,diethylmethylammonium,C[NH+](CC)CC,0.216185927,0.903820672,0.00635326,0.427911431,0.70367825,110.7586118,182.1368172,258.8353658,1.768798426,0.374010919,88.11207587,1.833333333,2.5,74.062,0.347365257,0.347365257,-0.337829823,0,38,109.88,diethylmethylammonium tetrafluoroborate,C[NH+](CC)CC.F[B-](F)(F)F,0.183964386,0.891059794,0.005121808,0.453885936,0.908683735,177.4146404,355.185709,390.8793513,1.624452268,0.397855074,175.1155427,1.363636364,1.727272727,160.866,0.673213119,0.673213119,-0.41830328,0,70,116.928,tetrafluoroborate,F[B-](F)(F)F,-422.862214,-0.380507,0.219733,0,0,0,0,diethylmethylammonium,C[NH+](CC)CC,-251.79679,-0.667267,-0.067113,0.039442,0.351791,-0.296645,0.461856,18.1496624,10.3497904,10.3497904,1.8254736,-5.9767376,1.8254736,8.5243168,ammonium,tetrafluoroborate,0,0,0,0,unknown,0,0,0,0,0,0,0,0,unknown,0,0,0,C[NH+](CC)CC.F[B-](F)(F)F,0,7.420920858,11.06622422,6.855034,1,1,1,0,8.447393026,3,8.447393026
bis(fluorosulfonyl)imide,[N-](S(=O)(=O)F)S(=O)(=O)F,0.342076194,0.949116931,0.004542736,0.314923882,0.95555797,210.3485642,638.2502513,667.9346215,2.051702352,0.422286139,179.9242295,0.888888889,1.111111111,180.133,0.379312199,0.241254649,-0.379312199,0,56,103.696,diethylmethylammonium,C[NH+](CC)CC,0.216185927,0.903820672,0.00635326,0.427911431,0.70367825,110.7586118,182.1368172,258.8353658,1.768798426,0.374010919,88.11207587,1.833333333,2.5,74.062,0.347365257,0.347365257,-0.337829823,0,38,109.88,diethylmethylammonium bis(fluorosulfonyl)imide,C[NH+](CC)CC.[N-](S(=O)(=O)F)S(=O)(=O)F,0.316927414,0.942937271,0.003134313,0.332970423,0.944381453,301.304127,854.5684819,904.8975703,1.959673776,0.388611915,268.0363054,1.266666667,1.666666667,254.195,0.379312199,0.347365257,-0.379312199,0,94,137.272,bis(fluorosulfonyl)imide,[N-](S(=O)(=O)F)S(=O)(=O)F,-1347.908249,-0.303547,0.195733,-0.064455,0.646874,-0.175063,0.673236,diethylmethylammonium,C[NH+](CC)CC,-251.79679,-0.667267,-0.067113,0.039442,0.351791,-0.296645,0.461856,18.1496624,8.2564784,8.2564784,1.8254736,-5.3239376,1.8254736,6.4310048,ammonium,imid,0,0,0,0,unknown,0,0,0,0,0,0,0,0,unknown,0,0,0,C[NH+](CC)CC.[N-](S(=O)(=O)F)S(=O)(=O)F,0,8.232530015,4.581588466,7.048197,1,1,1,0,6.620771827,3,6.620771827
bis(trifluoromethylsulfonyl)imide,O=S([N-]S(=O)(C(F)(F)F)=O)(C(F)(F)F)=O,0.388040311,0.959745064,0.001936486,0.280872589,0.94511308,488.0557659,1642.26737,1737.64114,2.627442626,0.314798833,279.9178424,0.666666667,0.866666667,280.147,0.4802902,0.4802902,-0.420674932,0,92,157.376,diethylmethylsulfonium,C[S+](C)CC,0.266869334,0.927152401,0.008206362,0.374684435,0.727707247,88.6759846,172.2253466,236.6684505,1.651645972,0.263531054,91.05759777,2,2.8,80.111,0.104354276,0.104354276,-0.019863644,0,32,100.384,diethylmethylsulfonium bis(trifluoromethylsulfonyl)imide,C[S+](C)CC.O=S([N-]S(=O)(C(F)(F)F)=O)(C(F)(F)F)=O,0.294632194,0.935537207,0.001511561,0.353228161,0.960455291,635.406316,1727.719999,1798.855204,2.367258588,0.377716259,370.9754402,1,1.35,360.258,0.4802902,0.4802902,-0.420674932,0,124,176.088,bis(trifluoromethylsulfonyl)imide,O=S([N-]S(=O)(C(F)(F)F)=O)(C(F)(F)F)=O,-1821.517869,-0.286547135,0.172652479,-0.095325609,0.364114522,2.142514102,2.175323662,diethylmethylsulfonium,C[S+](C)CC,-555.218942,-0.623282,-0.066731,-0.497656,-0.227132,-0.428982,0.69518,16.9532704,7.794082072,7.794082072,1.8150832,-4.696147429,1.8150832,5.978998872,sulfonium,imid,Diethylmethylsulfonium bis(trifluoromethylsulfonyl)imide,5.98,5.6,1.51,<RT,39.4,C7H13F6NO4S3,25,19,25,5.98,39.4,1.986842105,liquid,0,0,0,0,0,0,0,0,0,0,0,0,0,0,5.98
ethyl sulfate,[O-]S(=O)(OCC)=O,0.265624239,0.926246174,0.007636703,0.376919122,0.949922264,124.3890604,313.4888386,330.0152556,1.751714621,0.354403032,124.9914032,2.142857143,2.714285714,120.085,0.725519396,0.217124011,-0.725519396,0,44,95.448,diethylmethylsulfonium,C[S+](C)CC,0.266869334,0.927152401,0.008206362,0.374684435,0.727707247,88.6759846,172.2253466,236.6684505,1.651645972,0.263531054,91.05759777,2,2.8,80.111,0.104354276,0.104354276,-0.019863644,0,32,100.384,diethylmethylsulfonium ethyl sulfate,C[S+](C)CC.[O-]S(=O)(OCC)=O,0.263953642,0.926671657,0.004184345,0.375871839,0.930644942,222.4111266,550.6818248,591.7206442,1.776107793,0.36223875,216.049001,1.583333333,2.25,200.196,0.725519396,0.217124011,-0.725519396,0,76,132.464,ethyl sulfate,[O-]S(=O)(OCC)=O,-775.7228699,-0.244251223,0.164500983,2.41072609,0.085358376,-0.460251525,2.455751983,diethylmethylsulfonium,C[S+](C)CC,-555.218942,-0.623282,-0.066731,-0.497656,-0.227132,-0.428982,0.69518,16.9532704,6.643633266,6.643633266,1.8150832,-4.474426738,1.8150832,4.828550066,sulfonium,sulfate,0,0,0,0,unknown,0,0,0,0,0,0,0,0,unknown,0,0,0,C[S+](C)CC.[O-]S(=O)(OCC)=O,0,6.549392986,5.957017633,4.9884286,1,1,1,0,5.831613073,3,5.831613073
bis(fluorosulfonyl)imide,[N-](S(=O)(=O)F)S(=O)(=O)F,0.342076194,0.949116931,0.004542736,0.314923882,0.95555797,210.3485642,638.2502513,667.9346215,2.051702352,0.422286139,179.9242295,0.888888889,1.111111111,180.133,0.379312199,0.241254649,-0.379312199,0,56,103.696,diethylmethylsulfonium,C[S+](C)CC,0.266869334,0.927152401,0.008206362,0.374684435,0.727707247,88.6759846,172.2253466,236.6684505,1.651645972,0.263531054,91.05759777,2,2.8,80.111,0.104354276,0.104354276,-0.019863644,0,32,100.384,diethylmethylsulfonium bis(fluorosulfonyl)imide,C[S+](C)CC.[N-](S(=O)(=O)F)S(=O)(=O)F,0.228984643,0.914288327,0.002608285,0.405064015,0.897765617,344.1976332,762.8641138,849.7363892,1.898923666,0.451747788,270.9818273,1.285714286,1.714285714,260.244,0.379312199,0.241254649,-0.379312199,0,88,136.712,bis(fluorosulfonyl)imide,[N-](S(=O)(=O)F)S(=O)(=O)F,-1347.908249,-0.303547,0.195733,-0.064455,0.646874,-0.175063,0.673236,diethylmethylsulfonium,C[S+](C)CC,-555.218942,-0.623282,-0.066731,-0.497656,-0.227132,-0.428982,0.69518,16.9532704,8.2564784,8.2564784,1.8150832,-5.3239376,1.8150832,6.4413952,sulfonium,imid,0,0,0,0,unknown,0,0,0,0,0,0,0,0,unknown,0,0,0,C[S+](C)CC.[N-](S(=O)(=O)F)S(=O)(=O)F,0,11.18487792,6.337882554,7.564336,1,1,1,0,8.362365491,3,8.362365491
triflate,C(F)(F)(F)S(=O)(=O)[O-],0.098068468,0.809741977,0.004902674,0.586786104,0.974406316,198.7499598,330.040563,338.7093841,1.705791915,0.666972476,148.9525731,1.25,1.375,149.069,0.741154773,0.485234805,-0.741154773,0,50,86.688,ethylammonium,[NH3+]CC,0.439609398,0.969705385,0.055068075,0.244277436,0.897298681,16.2943536,59.85367383,66.70429266,1.244833203,0.464380843,46.06512568,3.333333333,4.333333333,38.029,0.357789566,0.343998505,-0.357789566,0,20,60.128,ethylammonium triflate,[NH3+]CC.C(F)(F)(F)S(=O)(=O)[O-],0.12053234,0.832442322,0.004505811,0.554111703,0.992108574,220.1842462,394.2285954,397.3643669,1.610014614,0.61879443,195.0176988,1.818181818,2.181818182,187.098,0.741154773,0.485234805,-0.741154773,0,70,96.632,triflate,C(F)(F)(F)S(=O)(=O)[O-],-958.4631671,-0.26754993,0.195673969,1.77234156,-0.21203846,-0.036153192,1.785346455,ethylammonium,[NH3+]CC,-134.66107,-0.701243,-0.107137,-1.506178,0.236083,0.229703,1.541775,19.0738096,7.277358096,7.277358096,2.9141264,-5.322331957,2.9141264,4.363231696,ammonium,triflate,0,0,0,0,unknown,0,0,0,0,0,0,0,0,unknown,0,0,0,[NH3+]CC.C(F)(F)(F)S(=O)(=O)[O-],0,17.03178307,12.73606667,20.402561,1,1,1,0,16.72347025,3,16.72347025
bis(fluorosulfonyl)imide,[N-](S(=O)(=O)F)S(=O)(=O)F,0.342076194,0.949116931,0.004542736,0.314923882,0.95555797,210.3485642,638.2502513,667.9346215,2.051702352,0.422286139,179.9242295,0.888888889,1.111111111,180.133,0.379312199,0.241254649,-0.379312199,0,56,103.696,ethylammonium,[NH3+]CC,0.439609398,0.969705385,0.055068075,0.244277436,0.897298681,16.2943536,59.85367383,66.70429266,1.244833203,0.464380843,46.06512568,3.333333333,4.333333333,38.029,0.357789566,0.343998505,-0.357789566,0,20,60.128,ethylammonium bis(fluorosulfonyl)imide,[NH3+]CC.[N-](S(=O)(=O)F)S(=O)(=O)F,0.311522798,0.940176339,0.004142545,0.340688203,0.970059166,234.1698351,666.7638997,687.3435386,1.873600116,0.478484014,225.9893552,1.5,1.916666667,218.162,0.379312199,0.343998505,-0.379312199,0,76,112.128,bis(fluorosulfonyl)imide,[N-](S(=O)(=O)F)S(=O)(=O)F,-1347.908249,-0.303547,0.195733,-0.064455,0.646874,-0.175063,0.673236,ethylammonium,[NH3+]CC,-134.66107,-0.701243,-0.107137,-1.506178,0.236083,0.229703,1.541775,19.0738096,8.2564784,8.2564784,2.9141264,-5.3239376,2.9141264,5.342352,ammonium,imid,0,0,0,0,unknown,0,0,0,0,0,0,0,0,unknown,0,0,0,[NH3+]CC.[N-](S(=O)(=O)F)S(=O)(=O)F,0,17.73149849,5.640731944,14.110074,1,1,1,0,12.49410148,3,12.49410148
bis(trifluoromethylsulfonyl)imide,O=S([N-]S(=O)(C(F)(F)F)=O)(C(F)(F)F)=O,0.388040311,0.959745064,0.001936486,0.280872589,0.94511308,488.0557659,1642.26737,1737.64114,2.627442626,0.314798833,279.9178424,0.666666667,0.866666667,280.147,0.4802902,0.4802902,-0.420674932,0,92,157.376,triethylsulfonium,CC[S+](CC)CC,0.188680162,0.856003782,0.002425811,0.516969559,0.578966651,238.6693608,267.2915615,461.6700475,2.014212216,0.263642554,119.0888979,1.285714286,1.714285714,104.133,0.104884486,0.104884486,-0.019841177,0,44,133.672,triethylsulfonium bis(trifluoromethylsulfonyl)imide,CC[S+](CC)CC.O=S([N-]S(=O)(C(F)(F)F)=O)(C(F)(F)F)=O,0.337071037,0.950076428,0.001179191,0.312017275,0.876540312,743.3403216,2088.242572,2382.369119,2.554844587,0.260705065,399.0067403,0.863636364,1.136363636,384.28,0.4802902,0.4802902,-0.420674932,0,136,206.208,bis(trifluoromethylsulfonyl)imide,O=S([N-]S(=O)(C(F)(F)F)=O)(C(F)(F)F)=O,-1821.517869,-0.286547135,0.172652479,-0.095325609,0.364114522,2.142514102,2.175323662,triethylsulfonium,CC[S+](CC)CC,-633.312064,-0.604683,-0.057929,-0.136735,0.268968,0.515962,0.59771,16.4473776,7.794082072,7.794082072,1.5756688,-4.696147429,1.5756688,6.218413272,sulfonium,imid,Triethylsulfonium bis(trifluoromethylsulfonyl)imide,5.12,4.5,1.46,<RT,31.5,C8H15F6NO4S3,25,25,25,5.12,31.5,1.46,liquid,0,0,0,0,0,0,0,0,0,0,0,0,0,0,5.12
ethyl sulfate,[O-]S(=O)(OCC)=O,0.265624239,0.926246174,0.007636703,0.376919122,0.949922264,124.3890604,313.4888386,330.0152556,1.751714621,0.354403032,124.9914032,2.142857143,2.714285714,120.085,0.725519396,0.217124011,-0.725519396,0,44,95.448,triethylsulfonium,CC[S+](CC)CC,0.188680162,0.856003782,0.002425811,0.516969559,0.578966651,238.6693608,267.2915615,461.6700475,2.014212216,0.263642554,119.0888979,1.285714286,1.714285714,104.133,0.104884486,0.104884486,-0.019841177,0,44,133.672,triethylsulfonium ethyl sulfate,CC[S+](CC)CC.[O-]S(=O)(OCC)=O,0.306247156,0.942218837,0.002844172,0.334998006,0.862881674,303.3858461,781.4556566,905.6347823,2.018052466,0.285895607,244.0803011,1.285714286,1.785714286,224.218,0.725519396,0.217124011,-0.725519396,0,88,154.248,ethyl sulfate,[O-]S(=O)(OCC)=O,-775.7228699,-0.244251223,0.164500983,2.41072609,0.085358376,-0.460251525,2.455751983,triethylsulfonium,CC[S+](CC)CC,-633.312064,-0.604683,-0.057929,-0.136735,0.268968,0.515962,0.59771,16.4473776,6.643633266,6.643633266,1.5756688,-4.474426738,1.5756688,5.067964466,sulfonium,sulfate,0,0,0,0,unknown,0,0,0,0,0,0,0,0,unknown,0,0,0,CC[S+](CC)CC.[O-]S(=O)(OCC)=O,0,3.322508012,4.081521339,4.0575967,0,1,1,0,3.820542017,2,3.820542017
bis(pentafluoroethylsulfonyl)imide,O=S([N-]S(=O)(C(F)(F)C(F)(F)F)=O)(C(F)(F)C(F)(F)F)=O,0.444865393,0.969934463,0.001105808,0.243366262,0.936493815,846.8866493,3258.890946,3479.885179,3.158624411,0.245316043,379.9114553,0.523809524,0.714285714,380.161,0.467098654,0.467098654,-0.425126662,0,128,211.952,triethylsulfonium,CC[S+](CC)CC,0.188680162,0.856003782,0.002425811,0.516969559,0.578966651,238.6693608,267.2915615,461.6700475,2.014212216,0.263642554,119.0888979,1.285714286,1.714285714,104.133,0.104884486,0.104884486,-0.019841177,0,44,133.672,triethylsulfonium bis(pentafluoroethylsulfonyl)imide,CC[S+](CC)CC.O=S([N-]S(=O)(C(F)(F)C(F)(F)F)=O)(C(F)(F)C(F)(F)F)=O,0.342799996,0.951589114,0.000725821,0.307372994,0.864665662,1191.293226,3351.206404,3875.725093,2.903119436,0.249796637,499.0003532,0.714285714,0.964285714,484.294,0.467098654,0.467098654,-0.425126662,0,172,247.208,bis(pentafluoroethylsulfonyl)imide,O=S([N-]S(=O)(C(F)(F)C(F)(F)F)=O)(C(F)(F)C(F)(F)F)=O,-2295.140611,-0.306090575,0.165843076,0.352132462,-0.867730231,2.144744178,2.340273619,triethylsulfonium,CC[S+](CC)CC,-633.312064,-0.604683,-0.057929,-0.136735,0.268968,0.515962,0.59771,16.4473776,8.32566364,8.32566364,1.5756688,-4.510931667,1.5756688,6.74999484,sulfonium,imid,0,0,0,0,unknown,0,0,0,0,0,0,0,0,unknown,0,0,0,CC[S+](CC)CC.O=S([N-]S(=O)(C(F)(F)C(F)(F)F)=O)(C(F)(F)C(F)(F)F)=O,0,3.318541911,2.429945517,3.5662606,1,1,1,0,3.104916009,3,3.104916009
trifluoroacetate,O=C(C(F)(F)F)[O-],0.109492708,0.835347051,0.00623479,0.549722934,0.844469918,135.4448114,208.0667584,246.3874129,1.615502753,0.44725842,112.9855875,1.428571429,1.571428571,113.014,0.541726828,0.430292217,-0.541726828,0,42,71.376,triethylsulfonium,CC[S+](CC)CC,0.188680162,0.856003782,0.002425811,0.516969559,0.578966651,238.6693608,267.2915615,461.6700475,2.014212216,0.263642554,119.0888979,1.285714286,1.714285714,104.133,0.104884486,0.104884486,-0.019841177,0,44,133.672,triethylsulfonium trifluoroacetate,CC[S+](CC)CC.O=C(C(F)(F)F)[O-],0.131128688,0.85256423,0.002135446,0.522622458,0.760736413,356.2424203,518.5513497,681.6439189,1.830446822,0.366125636,232.0744854,1.357142857,1.642857143,217.147,0.541726828,0.430292217,-0.541726828,0,86,144.4,trifluoroacetate,O=C(C(F)(F)F)[O-],-523.9974239,-0.229043901,0.208025085,-2.008840314,0.314340068,-0.066507194,2.034372703,triethylsulfonium,CC[S+](CC)CC,-633.312064,-0.604683,-0.057929,-0.136735,0.268968,0.515962,0.59771,16.4473776,6.229994107,6.229994107,1.5756688,-5.658282312,1.5756688,4.654325307,sulfonium,acetate,0,0,0,0,unknown,0,0,0,0,0,0,0,0,unknown,0,0,0,CC[S+](CC)CC.O=C(C(F)(F)F)[O-],0,4.469309477,6.149535332,4.9680963,1,1,0,0,5.195647036,2,5.195647036
bis(fluorosulfonyl)imide,[N-](S(=O)(=O)F)S(=O)(=O)F,0.342076194,0.949116931,0.004542736,0.314923882,0.95555797,210.3485642,638.2502513,667.9346215,2.051702352,0.422286139,179.9242295,0.888888889,1.111111111,180.133,0.379312199,0.241254649,-0.379312199,0,56,103.696,triethylsulfonium,CC[S+](CC)CC,0.188680162,0.856003782,0.002425811,0.516969559,0.578966651,238.6693608,267.2915615,461.6700475,2.014212216,0.263642554,119.0888979,1.285714286,1.714285714,104.133,0.104884486,0.104884486,-0.019841177,0,44,133.672,triethylsulfonium bis(fluorosulfonyl)imide,CC[S+](CC)CC.[N-](S(=O)(=O)F)S(=O)(=O)F,0.119613975,0.842418709,0.001431426,0.538823458,0.770790863,538.4776318,770.2961569,999.3581831,1.963358363,0.396291531,299.0131274,1.0625,1.375,284.266,0.379312199,0.241254649,-0.379312199,0,100,162.016,bis(fluorosulfonyl)imide,[N-](S(=O)(=O)F)S(=O)(=O)F,-1347.908249,-0.303547,0.195733,-0.064455,0.646874,-0.175063,0.673236,triethylsulfonium,CC[S+](CC)CC,-633.312064,-0.604683,-0.057929,-0.136735,0.268968,0.515962,0.59771,16.4473776,8.2564784,8.2564784,1.5756688,-5.3239376,1.5756688,6.6808096,sulfonium,imid,0,0,0,0,unknown,0,0,0,0,0,0,0,0,unknown,0,0,0,CC[S+](CC)CC.[N-](S(=O)(=O)F)S(=O)(=O)F,0,5.999608443,6.528993665,6.607158,1,1,1,0,6.378586702,3,6.378586702
bis(fluorosulfonyl)imide,[N-](S(=O)(=O)F)S(=O)(=O)F,0.342076194,0.949116931,0.004542736,0.314923882,0.95555797,210.3485642,638.2502513,667.9346215,2.051702352,0.422286139,179.9242295,0.888888889,1.111111111,180.133,0.379312199,0.241254649,-0.379312199,0,56,103.696,"1,2-dimethylimidazolium",C[N+]1=C(C)NC=C1,0.237547081,0.880853916,0.00409412,0.473388189,0.549526705,134.2233976,155.811537,283.5376982,1.718216669,0.117979497,97.07602471,2.285714286,3.285714286,88.069,0.3112514,0.3112514,-0.247851436,0,38,100.928,"1,2-dimethylimidazolium bis(fluorosulfonyl)imide",C[N+]1=C(C)NC=C1.[N-](S(=O)(=O)F)S(=O)(=O)F,0.262658543,0.928775206,0.002444331,0.370643518,0.831842378,340.3149829,763.7754635,918.173303,1.909630431,0.223840628,277.0002542,1.5,2.0625,268.202,0.379312199,0.3112514,-0.379312199,0,94,139.792,bis(fluorosulfonyl)imide,[N-](S(=O)(=O)F)S(=O)(=O)F,-1347.908249,-0.303547,0.195733,-0.064455,0.646874,-0.175063,0.673236,"1,2-dimethylimidazolium",C[N+]1=C(C)NC=C1,-303.360024,-0.524136,-0.070511,-0.137096,0.404532,-0.056809,0.430893,14.2564992,8.2564784,8.2564784,1.9178992,-5.3239376,1.9178992,6.3385792,imidazolium,imid,0,0,0,0,unknown,0,0,0,0,0,0,0,0,unknown,0,0,0,C[N+]1=C(C)NC=C1.[N-](S(=O)(=O)F)S(=O)(=O)F,0,5.216819184,3.459057554,6.9599366,0,1,1,0,5.211937779,2,5.211937779
nitrate,[O-][N+]([O-])=O,0.256721474,0.891680064,0.014245612,0.452666172,0.547333828,38.42122251,46.45638681,84.87760932,1.1700023,7.85637E-12,61.98836644,1.5,1.5,62.004,0.356293863,0.068881589,-0.356293863,0,24,43.976,1-methyl-3-pentylimidazolium,CN1C=C[N+](CCCCC)=C1,0.754377099,0.995904621,0.00738481,0.090410094,0.965203029,130.7011399,1395.343496,1445.647655,3.11378123,0.149559645,153.138625,1.727272727,2.727272727,136.113,0.243028826,0.243028826,-0.239533996,0,62,167.288,1-methyl-3-pentylimidazolium nitrate,CN1C=C[N+](CCCCC)=C1.[O-][N+]([O-])=O,0.296674931,0.938892441,0.002207032,0.34421067,0.775335059,351.3020901,791.3084949,1020.601978,2.241609683,0.234015462,215.1269914,1.666666667,2.4,198.117,0.356293863,0.243028826,-0.356293863,0,86,172.92,nitrate,[O-][N+]([O-])=O,-279.0107095,-0.222064037,0.277674413,0.000311666,-0.000012,0.00000185,0.000311903,1-methyl-3-pentylimidazolium,CN1C=C[N+](CCCCC)=C1,-459.52432,-0.521183,-0.060365,-2.37558,0.565747,0.507977,2.494292,14.1761776,6.040141806,6.040141806,1.641928,-7.552744034,1.641928,4.398213806,imidazolium,nitrate,0,0,0,0,unknown,0,0,0,0,0,0,0,0,unknown,0,0,0,CN1C=C[N+](CCCCC)=C1.[O-][N+]([O-])=O,0,4.454692917,3.937829431,3.5535595,1,0,1,0,3.982027283,2,3.982027283
nitrate,[O-][N+]([O-])=O,0.256721474,0.891680064,0.014245612,0.452666172,0.547333828,38.42122251,46.45638681,84.87760932,1.1700023,7.85637E-12,61.98836644,1.5,1.5,62.004,0.356293863,0.068881589,-0.356293863,0,24,43.976,1-ethylimidazolium,CC[N+]1=CNC=C1,0.426965364,0.967875377,0.011750378,0.251430418,0.879950959,74.88703157,262.0880788,297.8439607,1.807626501,0.275824906,97.07602471,2.428571429,3.428571429,88.069,0.310964625,0.310964625,-0.250222239,0,38,100.76,1-ethylimidazolium nitrate,CC[N+]1=CNC=C1.[O-][N+]([O-])=O,0.317367981,0.945357978,0.007072993,0.326034192,0.851944265,120.4503149,314.7429243,369.4407455,1.589965455,0.312554295,159.0643911,2.090909091,2.727272727,150.073,0.356293863,0.310964625,-0.356293863,0,62,108.424,nitrate,[O-][N+]([O-])=O,-279.0107095,-0.222064037,0.277674413,0.000311666,-0.000012,0.00000185,0.000311903,1-ethylimidazolium,CC[N+]1=CNC=C1,-303.3501645,-0.537215526,-0.073060129,0.759562727,-0.419242289,0.512024737,1.00740705,14.61226231,6.040141806,6.040141806,1.987235509,-7.552744034,1.987235509,4.052906298,imidazolium,nitrate,1-Ethylimidazolium nitrate,0,0,0,<RT,0,C5H9N3O3,25,25,25,0,0,0,liquid,0,0,0,0,0,12.72197543,17.78927778,16.39761,1,1,1,0,15.63628774,3,15.63628774
bis(fluorosulfonyl)imide,[N-](S(=O)(=O)F)S(=O)(=O)F,0.342076194,0.949116931,0.004542736,0.314923882,0.95555797,210.3485642,638.2502513,667.9346215,2.051702352,4.22E-01,179.9242295,0.888888889,1.111111111,180.133,0.379312199,0.241254649,-0.379312199,0,56,103.696,1-ethylimidazolium,CC[N+]1=CNC=C1,0.426965364,0.967875377,0.011750378,0.251430418,0.879950959,74.88703157,262.0880788,297.8439607,1.807626501,0.275824906,97.07602471,2.428571429,3.428571429,88.069,0.310964625,0.310964625,-0.250222239,0,38,100.76,1-ethylimidazolium bis(fluorosulfonyl)imide,CC[N+]1=CNC=C1.[N-](S(=O)(=O)F)S(=O)(=O)F,0.337526979,0.948022051,0.003214024,0.318204638,0.954277632,296.9105219,890.4177879,933.080435,1.95542076,0.336939015,277.0002542,1.5625,2.125,268.202,0.379312199,0.310964625,-0.379312199,0,94,131.328,bis(fluorosulfonyl)imide,[N-](S(=O)(=O)F)S(=O)(=O)F,-1347.908249,-0.303547,0.195733,-0.064455,6.47E-01,-1.75E-01,0.673236,1-ethylimidazolium,CC[N+]1=CNC=C1,-303.3501645,-0.537215526,-0.073060129,0.759562727,-0.419242289,0.512024737,1.00740705,14.61226231,8.2564784,8.2564784,1.987235509,-5.3239376,1.987235509,6.269242891,imidazolium,imid,0,0,0,0,unknown,0,0,0,0,0,0,0,0,unknown,0,0,0,CC[N+]1=CNC=C1.[N-](S(=O)(=O)F)S(=O)(=O)F,0,11.25676939,4.527857197,6.8366256,1,1,0,0,7.540417397,2,7.540417397
bis(fluorosulfonyl)imide,[N-](S(=O)(=O)F)S(=O)(=O)F,0.342076194,0.949116931,0.004542736,0.314923882,0.95555797,210.3485642,638.2502513,667.9346215,2.051702352,4.22E-01,179.9242295,0.888888889,1.111111111,180.133,0.379312199,0.241254649,-0.379312199,0,56,103.696,1-propyl-2-methylpyridinium,CCC[N+]1=C(C)NC=C1,0.391930527,0.961699729,0.004969751,0.274105147,0.8029752,161.5725273,473.317388,589.4545537,2.211277881,0.205999763,125.1073248,2.222222222,3.222222222,112.091,0.311251541,0.311251541,-0.247844106,0,50,134.128,1-propyl-2-methylpyridinium bis(fluorosulfonyl)imide,CCC[N+]1=C(C)NC=C1.[N-](S(=O)(=O)F)S(=O)(=O)F,0.248088157,0.923186169,0.001904623,0.384353089,0.8596831,451.3664485,1009.571977,1174.353638,2.077380558,0.355305489,305.0315543,1.555555556,2.166666667,292.224,0.379312199,0.311251541,-0.379312199,0,106,158.696,bis(fluorosulfonyl)imide,[N-](S(=O)(=O)F)S(=O)(=O)F,-1347.908249,-0.303547,0.195733,-0.064455,6.47E-01,-1.75E-01,0.673236,1-propyl-2-methylpyridinium,CCC[N+]1=C(C)NC=C1,-381.453012,-0.517600955,-0.065914498,-1.281764932,0.074354415,0.263393275,1.310658589,14.07874598,8.2564784,8.2564784,1.792874346,-5.3239376,1.792874346,6.463604054,pyridinium,imid,0,0,0,0,unknown,0,0,0,0,0,0,0,0,unknown,0,0,0,CCC[N+]1=C(C)NC=C1.[N-](S(=O)(=O)F)S(=O)(=O)F,0,7.779145461,4.471782594,5.968405,1,1,0,0,6.073111018,2,6.073111018
bis(fluorosulfonyl)imide,[N-](S(=O)(=O)F)S(=O)(=O)F,0.342076194,0.949116931,0.004542736,0.314923882,0.95555797,210.3485642,638.2502513,667.9346215,2.051702352,0.422286139,179.9242295,0.888888889,1.111111111,180.133,0.379312199,0.241254649,-0.379312199,0,56,103.696,n-ethyl-n-methyl-n-propylammonium,CCC[NH+](C)CC,0.372379084,0.956997614,0.008600247,0.290095788,0.927912532,107.8937018,345.1133117,371.9243999,2.008937152,0.424883743,102.1277259,1.857142857,2.857142857,86.073,0.347373278,0.347373278,-0.337609928,0,44,125.64,n-ethyl-n-methyl-n-propylammonium bis(fluorosulfonyl)imide,CCC[NH+](C)CC.[N-](S(=O)(=O)F)S(=O)(=O)F,0.353016218,0.951278848,0.003024218,0.308331887,0.968041945,320.0966356,1004.978669,1038.156119,2.045768739,0.403251447,282.0519554,1.3125,1.875,266.206,0.379312199,0.347373278,-0.379312199,0,100,151.56,bis(fluorosulfonyl)imide,[N-](S(=O)(=O)F)S(=O)(=O)F,-1347.908249,-0.303547,0.195733,-0.064455,0.646874,-0.175063,0.673236,n-ethyl-n-methyl-n-propylammonium,CCC[NH+](C)CC,-290.8422938,-0.632832481,-0.067008997,-0.827607871,-0.119580583,0.157447004,0.850895918,17.21304348,8.2564784,8.2564784,1.822644718,-5.3239376,1.822644718,6.433833682,ammonium,imid,0,0,0,0,unknown,0,0,0,0,0,0,0,0,unknown,0,0,0,CCC[NH+](C)CC.[N-](S(=O)(=O)F)S(=O)(=O)F,0,9.359588657,3.788310688,7.6269855,1,1,0,0,6.924961615,2,6.924961615
triflate,C(F)(F)(F)S(=O)(=O)[O-],0.098068468,0.809741977,0.004902674,0.586786104,0.974406316,198.7499598,330.040563,338.7093841,1.705791915,0.666972476,148.9525731,1.25,1.375,149.069,0.741154773,0.485234805,-0.741154773,0,50,86.688,propylammonium,[NH3+]CCC,0.617445216,0.988644441,0.043165834,0.150273647,0.937458051,21.71759383,135.4817271,144.520309,1.584080688,0.349453876,60.08077574,2.75,3.75,50.04,0.357569642,0.344006469,-0.357569642,0,26,76.632,propylammonium triflate,[NH3+]CCC.C(F)(F)(F)S(=O)(=O)[O-],0.16862656,0.875110399,0.004251546,0.48392333,0.978184201,230.0772875,465.0694722,475.4416109,1.672698559,0.473367479,209.0333488,1.75,2.166666667,199.109,0.741154773,0.485234805,-0.741154773,0,76,102.12,triflate,C(F)(F)(F)S(=O)(=O)[O-],-958.4631671,-0.26754993,0.195673969,1.77234156,-0.21203846,-0.036153192,1.785346455,propylammonium,[NH3+]CCC,-173.7071911,-0.648774057,-0.1057567,2.507399753,-0.017209858,-0.319280152,2.527704397,17.64665435,7.277358096,7.277358096,2.87658224,-5.322331957,2.87658224,4.400775856,ammonium,triflate,0,0,0,0,unknown,0,0,0,0,0,0,0,0,unknown,0,0,0,[NH3+]CCC.C(F)(F)(F)S(=O)(=O)[O-],0,13.12020761,8.982580556,6.372081,0,1,1,0,9.491623055,2,9.491623055
tetrafluoroborate,F[B-](F)(F)F,0.000491698,0.271872897,0.009399186,0.962333169,0.982567926,104.53755,106.7356368,108.6292704,1.357450247,0.962597068,87.00346686,0.8,0.8,86.804,0.673213119,0.673213119,-0.41830328,0,32,52.704,propylammonium,[NH3+]CCC,0.617445216,0.988644441,0.043165834,0.150273647,0.937458051,21.71759383,135.4817271,144.520309,1.584080688,0.349453876,60.08077574,2.75,3.75,50.04,0.357569642,0.344006469,-0.357569642,0,26,76.632,propylammonium tetrafluoroborate,[NH3+]CCC.F[B-](F)(F)F,0.065858409,0.76881273,0.006425621,0.639473992,0.922701046,143.5971897,207.1972885,224.5551681,1.399279771,0.532836988,147.0842426,1.666666667,2.111111111,136.844,0.673213119,0.673213119,-0.41830328,0,58,89.496,tetrafluoroborate,F[B-](F)(F)F,-422.862214,-0.380507,0.219733,0,0,0,0,propylammonium,[NH3+]CCC,-173.7071911,-0.648774057,-0.1057567,2.507399753,-0.017209858,-0.319280152,2.527704397,17.64665435,10.3497904,10.3497904,2.87658224,-5.9767376,2.87658224,7.47320816,ammonium,tetrafluoroborate,0,0,0,0,unknown,0,0,0,0,0,0,0,0,unknown,0,0,0,[NH3+]CCC.F[B-](F)(F)F,0,18.28899672,14.42317778,12.4898405,1,1,0,0,15.06733833,2,15.06733833
bis(fluorosulfonyl)imide,[N-](S(=O)(=O)F)S(=O)(=O)F,0.342076194,0.949116931,0.004542736,0.314923882,0.95555797,210.3485642,638.2502513,667.9346215,2.051702352,0.422286139,179.9242295,0.888888889,1.111111111,180.133,0.379312199,0.241254649,-0.379312199,0,56,103.696,propylammonium,[NH3+]CCC,0.617445216,0.988644441,0.043165834,0.150273647,0.937458051,21.71759383,135.4817271,144.520309,1.584080688,0.349453876,60.08077574,2.75,3.75,50.04,0.357569642,0.344006469,-0.357569642,0,26,76.632,propylammonium bis(fluorosulfonyl)imide,[NH3+]CCC.[N-](S(=O)(=O)F)S(=O)(=O)F,0.351005563,0.951566461,0.004024272,0.307443119,0.948348763,235.6572465,726.9157926,766.5068176,1.896959759,0.401648942,240.0050052,1.461538462,1.923076923,230.173,0.379312199,0.344006469,-0.379312199,0,82,122.752,bis(fluorosulfonyl)imide,[N-](S(=O)(=O)F)S(=O)(=O)F,-1347.908249,-0.303547,0.195733,-0.064455,0.646874,-0.175063,0.673236,propylammonium,[NH3+]CCC,-173.7071911,-0.648774057,-0.1057567,2.507399753,-0.017209858,-0.319280152,2.527704397,17.64665435,8.2564784,8.2564784,2.87658224,-5.3239376,2.87658224,5.37989616,ammonium,imid,0,0,0,0,unknown,0,0,0,0,0,0,0,0,unknown,0,0,0,[NH3+]CCC.[N-](S(=O)(=O)F)S(=O)(=O)F,0,14.09093045,6.069315278,6.2985706,1,1,0,0,8.819605442,2,8.819605442
