pair,SVM_predict,RF_predict,XGB_predict
tributylmethylphosphonium bis(trifluoromethylsulfonyl)imide,1.4553056043053256,0.4279435185185185,0.32050404
1-decyl-3-methylimidazolium bis(pentafluoroethylsulfonyl)imide,0.44837930615549726,0.8084495370370369,0.60328615
1-allyl-3-methylimidazolium dimethyl phosphate,3.099945796139732,2.038053467908903,0.8836155
"1,3-diethylimidazolium bis(fluorosulfonyl)imide",9.096379665340027,4.256111139343748,6.94649
1-methyl-3-propylimidazolium acetate,1.4770600850867146,8.070046442687747,2.5293899
1-heptyl-3-methylimidazolium hexafluorophosphate,0.014448046748244847,1.0801413687459882,1.003175
1-ethyl-2-methylpyridinium methyl sulfate,0.5402264959788408,5.420179655248133,3.6902022
1-butyl-3-ethylimidazolium dicyanamide,7.66904290261731,2.9478774818176996,1.6076368
1-butyl-2-methylpyridinium ethyl sulfate,-0.07988633931288325,2.0545982720178375,1.6332613
1-decyl-3-methylimidazolium tosylate,-0.3561717876049302,1.0280921957671958,0.43327388
"1,2-dimethyl-3-propylimidazolium formate",3.2413471604201005,7.228296442687747,4.3185024
1-ethyl-3-methylpyridinium dicyanamide,10.335978842997227,10.364291666666665,8.2903805
"1,2-dimethyl-3-propylimidazolium diethyl phosphate",0.4820442154622735,2.0096260649978044,1.0216484
1-hexylpyridinium thiocyanate,3.247191658247699,2.4594127475181824,0.7095584
2-hydroxyethylammonium thiocyanate,10.783437212557416,15.003083333333333,16.12456
1-butyl-1-methylpyrrolidinium bis(2-ethylhexyl)phosphate,-4.11409945566096,1.1806297156346068,2.2167027
1-butyl-3-vinylimidazolium dicyanamide,7.193110932592148,3.7231795893719815,3.8147597
"1,3-dimethylimidazolium acetate",1.5774616627257454,11.754166666666666,3.2889526
1-methyl-1-octylpyrrolidinium ethyl sulfate,-1.9709169565174467,0.9783645833333331,0.55360943
1-butyl-2-methylpyridinium dimethyl phosphate,0.10461914259174132,1.7734673552293116,1.3484286
1-methyl-3-propylimidazolium diethyl phosphate,0.7412482409964447,2.412721339168079,0.80556774
"1,3-diethylimidazolium dicyanamide",11.395242880054138,10.671595410628019,14.185077
1-methyl-3-nonylimidazolium trifluoroacetate,-0.3171364852608294,0.7988243589743589,0.48573142
"1,2-dimethylimidazolium bis(fluorosulfonyl)imide",5.216819183566133,3.459057553798858,6.9599366
1-ethyl-3-methylimidazolium tricyanomethanide,9.315641069496628,9.664155331262938,9.187284
1-butyl-4-methylpyridinium bis(pentafluoroethylsulfonyl)imide,1.4757913056892584,2.8516166666666667,2.8574402
1-hexyl-1-methylpyrrolidinium dicyanamide,5.869273330691065,1.6521934459071286,1.2382463
1-dodecyl-3-methylimidazolium dodecylbenzenesulfonate,1.9804026609159937,2.080125,2.6092327
trihexyltetradecylphosphonium dodecylbenzenesulfonate,3.0922841451094576,1.9940671296296295,2.261696
tributylmethylphosphonium tosylate,-0.7886416681902466,0.555921657046657,0.07963894
"tributylmethylammonium bis(2,4,4-trimethylpentyl)phosphinate",-2.9973178088709007,1.0379070105820105,0.21550275
1-ethyl-4-methylpyridinium tricyanomethanide,6.520040106303625,5.044942632850242,7.1513734
1-hexyl-3-methylimidazolium hydrogensulfate,-2.1828132990018494,1.4397116907548972,0.69831353
2-methyl-1-propylpyridinium bis(pentafluoroethylsulfonyl)imide,2.112550670189729,2.48938125,2.3782916
ethylammonium dicyanamide,20.16217597565272,15.698555555555558,24.009872
1-(2-hydroxyethyl)-3-methylimidazolium acetate,1.0815878210919505,7.73312977602108,2.9778705
1-propyl-3-methylpyridinium decanoate,2.9560635378495785,4.26210625,4.229203
ethyltributylphosphonium bis(trifluoromethylsulfonyl)imide,0.970601468971722,0.4279435185185185,0.34672844
1-ethylimidazolium diethyl phosphate,2.9446575027585915,3.220309420289855,1.2021186
1-(2-hydroxyethyl)-3-methylimidazolium nitrate,6.450442405562589,11.365650966183575,12.604463
diethylmethylammonium bis(trifluoromethylsulfonyl)imide,2.7834627049436973,4.732499999999999,5.0332384
"1,3-diethylimidazolium formate",2.6271971611733687,7.651718599033816,3.9059143
"1-ethyl-2,3-dimethylimidazolium acetate",1.0280562527996913,7.137963109354414,2.715488
1-butylpyridinium bis(pentafluoroethylsulfonyl)imide,0.5783148361156023,1.7299370580808084,1.138567
"1-allyl-3-methylimidazolium bis(2,4,4-trimethylpentyl)phosphinate",-1.761180990371025,2.6755916666666666,2.0693023
1-ethyl-3-methylimidazolium bis(fluorosulfonyl)imide,10.35901705986055,5.608368506493507,8.969309
"trihexyltetradecylphosphonium 1,1,2,2-tetrafluoroethanesulfonate",1.2107325816174164,1.0100693001443002,1.27066
tributylmethylammonium trifluoroacetate,0.08649876322699401,0.6025636165577342,0.32851186
ethyltributylphosphonium dicyanamide,4.320129946430056,0.8597748316498315,0.31650573
1-ethyl-3-vinylimidazolium bis(2-ethylhexyl)phosphate,-3.623151573799211,2.5639333333333334,2.21914
1-methyl-1-octylpyrrolidinium bis(2-ethylhexyl)phosphate,-3.1554698771460856,0.5614222883597884,0.5425982
1-butyl-2-methylpyridinium methyl sulfate,-0.28890246148755416,1.8612749628390932,1.5076568
1-butyl-1-methylpiperidinium dicyanamide,7.5009005584988895,3.136220416379112,1.3612329
"1,3-dimethylimidazolium bis(2,4,4-trimethylpentyl)phosphinate",0.015597775426903437,4.093886111111112,2.3680327
"1,3-dimethylimidazolium formate",3.946535604844283,10.924516666666667,3.8480866
1-propylpyridinium thiocyanate,7.4249153103829135,11.40609541062802,17.471523
1-ethyl-3-propylimidazolium triflate,4.2860632528273115,1.9196588164251207,2.2214515
1-butylpyridinium dicyanamide,8.101471649959837,8.16198804347826,5.0304513
1-ethyl-2-methylpyridinium diethyl phosphate,0.16956012361789585,4.353203689064559,1.183888
"1-butyl-2,3-dimethylimidazolium bis(pentafluoroethylsulfonyl)imide",0.9696430366965516,1.9850240951178448,1.3015499
1-allyl-3-methylimidazolium methanesulfonate,1.5983589896603134,2.343219631093544,2.5295804
1-heptyl-3-methylimidazolium nitrate,2.290211496475617,1.8926593728433403,0.66136587
"1-decyl-3-methylimidazolium 1,1,2,2-tetrafluoroethanesulfonate",-1.7843040626700433,0.5926880291005291,0.33812982
diethylmethylsulfonium bis(2-ethylhexyl)phosphate,0.05080409003432651,2.3680374149099688,2.6948094
1-propyl-2-methylpyridinium tricyanomethanide,7.293820676139399,6.673597222222222,7.3041234
1-(2-methoxyethyl)-3-methylimidazolium thiocyanate,6.15356115174459,6.659142753623189,6.1945667
butyltriethylammonium thiocyanate,6.1179037458178955,4.063087083045778,1.6085956
octyltriethylammonium nitrate,0.25188819750544167,1.54369797008547,0.77769214
1-propyl-3-methylpyridinium dimethyl phosphate,-0.43519847509567144,0.876872132818872,0.5966544
1-decyl-3-methylimidazolium ethyl sulfate,-1.62548482074084,0.7542273148148146,0.5357603
1-ethyl-4-methylpyridinium acetate,0.5414636882997602,7.075627964426877,2.5060601
"1,2-dimethyl-3-propylimidazolium methyl sulfate",1.0775295886350844,2.307285251061338,2.2355492
"1-ethylimidazolium bis(2,4,4-trimethylpentyl)phosphinate",-2.3502823743950394,2.2867555555555557,1.394434
triisobutylmethylphosphonium thiocyanate,1.9218947419441261,1.0898879852446028,0.20867673
1-propyl-2-methylpyridinium diethyl phosphate,0.5160779275260807,1.7192659420289853,0.677636
butyltrimethylammonium bis(2-ethylhexyl)phosphate,-3.162809061478937,1.4345679704655248,2.1922188
1-ethyl-4-methylpyridinium dimethyl phosphate,0.8851406447426218,1.6174790717736367,0.7157788
1-methyl-3-propylimidazolium tricyanomethanide,8.205945884088258,5.980382142857143,8.458139
1-methyl-3-octylimidazolium thiocyanate,1.6077287692226285,1.2274482646982645,0.11688065
"1-butyl-3-vinylimidazolium bis(2,4,4-trimethylpentyl)phosphinate",-3.579023504137922,2.7423229166666667,1.1595862
"1-ethyl-2,3-dimethylimidazolium decanoate",3.1821050786312353,3.8071275462962957,3.025704
1-butyl-3-vinylimidazolium diethyl phosphate,-0.2846129332880163,2.3261180147058824,0.801358
trihexyltetradecylphosphonium thiocyanate,1.2455245871229,1.996744907407407,0.2860838
choline methyl sulfate,4.345698699603966,5.721541545893719,3.9119897
1-(2-methoxyethyl)-3-methylimidazolium triflate,2.5563176527552227,1.9844585748792265,3.0474532
ethylammonium ethyl sulfate,10.641788184431565,11.228211111111113,11.906959
1-propyl-4-methylpyridinium methyl sulfate,0.6050936012195014,2.766786956521739,2.907126
trihexyltetradecylphosphonium perfluorobutanesulfonate,0.9538359275234167,0.8878850408850407,0.23490503
diethylmethylammonium methyl sulfate,2.829440740249575,7.050076877470356,3.95057
1-ethyl-3-vinylimidazolium methanesulfonate,0.34948923327923975,4.106921376811594,2.5295804
1-butyl-3-methylpyridinium bis(fluorosulfonyl)imide,5.700184229933207,3.604490892621871,2.480791
1-hexyl-3-methylimidazolium trifluoroacetate,1.844755818381278,1.1964526327838827,0.9382788
1-butyl-2-methylpyridinium thiocyanate,6.7266981585841785,2.5130769281443195,1.9328573
1-ethyl-3-methylimidazolium bis(pentafluoroethylsulfonyl)imide,2.6028660686362883,4.432444444444444,3.6416113
1-methyl-3-pentylimidazolium dihydrogen phosphate,-1.8731318273753257,2.0203709454796415,1.7145925
1-methyl-3-pentylimidazolium tricyanomethanide,6.050326399104394,3.243010349312523,2.895085
1-benzyl-3-methylimidazolium bis(2-ethylhexyl)phosphate,-5.511756367192177,1.5413639880952381,1.544487
1-ethyl-3-propylimidazolium diethyl phosphate,0.3847859213672915,3.1392100241545897,1.1474421
"1,2-dimethyl-3-propylimidazolium acetate",1.2524254793371694,2.2181003074220462,1.6345621
1-methyl-1-propylpiperidinium diethyl phosphate,1.5895538922594505,3.335838664596273,0.6340344
1-butyl-1-methylpiperidinium bis(pentafluoroethylsulfonyl)imide,-0.17764752199005063,1.5221624999999999,0.43424892
1-ethyl-4-methylpyridinium trifluoroacetate,4.165227696700049,2.0652941134952005,4.5993404
1-ethyl-4-methylpyridinium bis(fluorosulfonyl)imide,7.4932328317123345,3.7948984409310498,5.8095922
"1-butyl-2,3-dimethylimidazolium bis(fluorosulfonyl)imide",6.655756857755078,2.597394840968211,2.2034352
ethyltributylphosphonium formate,1.8138144228409967,0.8597748316498315,0.39115223
diethylmethylammonium ethyl sulfate,2.568202198841745,4.048157553798857,4.485564
2-hydroxyethylammonium dicyanamide,17.401331892545908,15.698555555555558,16.302309
1-benzyl-3-methylimidazolium dibutylphosphate,-3.306450751059698,1.3848473214285715,2.0305762
choline tricyanomethanide,9.525184799068445,11.419538888888889,7.3297105
1-benzyl-3-methylimidazolium bis(fluorosulfonyl)imide,4.163230511135395,3.024972359725621,1.7297964
1-heptyl-3-methylimidazolium methanesulfonate,-3.294814387107059,1.016000038819876,0.73825043
"methyltrioctylammonium bis(2,4,4-trimethylpentyl)phosphinate",-1.2578968881741333,0.555921657046657,-0.04434412
"1-ethyl-2,3-dimethylimidazolium bis(2-ethylhexyl)phosphate",-2.9978060086698397,1.8697298611111113,2.137824
"1-butyl-2,3-dimethylimidazolium dibutylphosphate",-1.8910284806819189,0.9343176917989418,1.1885997
propylammonium thiocyanate,13.560349334323222,15.003083333333333,16.302309
1-butyl-3-ethylimidazolium hexafluorophosphate,3.014991792837299,2.535057088442958,1.8470328
"1,3-diethylimidazolium decanoate",3.434911266085898,4.243627777777778,4.079926
1-butyl-3-ethylimidazolium dihydrogen phosphate,-2.4569781307886407,1.124188612836439,1.367331
1-butyl-3-methylpyridinium decanoate,2.003839563772176,2.7355553571428572,1.9840059
octyltriethylammonium trifluoroacetate,-1.775422096113305,1.117642382154882,0.9137365
1-methyl-3-octylimidazolium diethyl phosphate,-3.651513229542168,0.4949817791005291,0.21076252
1-butyl-3-methylpyridinium hydrogensulfate,-3.3724636874866434,1.3393833043164567,1.5341309
1-heptyl-3-methylimidazolium dihydrogen phosphate,-4.052055243264942,0.9373878517316019,0.76941633
"1,2-dimethylimidazolium diethyl phosphate",-0.22692738119071865,1.4554391963109352,1.4357224
1-(2-methoxyethyl)-3-methylimidazolium methyl sulfate,1.1166368719834328,4.068328623188405,3.0049996
triethylsulfonium thiocyanate,7.673221636543427,7.493430555555555,7.7327137
1-butyl-2-methylpyridinium diethyl phosphate,0.7675945711926255,3.1588652691511383,1.3294386
1-butyl-2-methylpyridinium formate,1.8642070898860108,7.198444444444445,3.9618073
1-methyl-3-octylimidazolium ethyl sulfate,-2.010305424588095,0.8500999999999997,0.5504671
1-hexylpyridinium bis(fluorosulfonyl)imide,3.9991959609677448,1.9329352887048539,1.0310733
n-ethyl-n-methyl-n-propylammonium dicyanamide,12.280352596731468,10.917,7.522438
diethylmethylammonium tosylate,1.931149595666734,3.4088722222222225,2.0750864
n-ethyl-n-methyl-n-propylammonium methanesulfonate,1.7264102539987753,6.549463109354415,3.4928963
1-butyl-4-methylpyridinium decanoate,1.8746601633693387,3.955477777777778,2.5718048
tributylmethylammonium bis(fluorosulfonyl)imide,1.8056626348720684,0.6025636165577342,0.3973313
1-butyl-3-methylpyridinium dibutylphosphate,-3.8764063223118104,1.8889756451680362,0.8370149
1-methyl-3-octylimidazolium bis(2-ethylhexyl)phosphate,-2.9990257993559597,0.7944412698412698,0.4580248
1-hexylpyridinium methyl sulfate,-2.690726546400488,1.3890223058342623,1.0388339
1-propyl-4-methylpyridinium bis(2-ethylhexyl)phosphate,-2.6116233949840906,1.766545833333333,2.9331005
1-(2-hydroxyethyl)-3-methylimidazolium formate,1.1844903660579744,7.5097620772946865,3.8370059
tributylmethylammonium dicyanamide,3.1698166919314,0.8036171519112696,0.2926606
"1-butyl-3-ethylimidazolium 1,1,2,2-tetrafluoroethanesulfonate",0.16950372144238268,0.9934416129462326,1.3089914
ethyltributylphosphonium tricyanomethanide,1.9259541730676986,0.8597748316498315,0.4801539
diethylmethylsulfonium acetate,4.566345749357587,8.860546442687747,3.2889526
1-propyl-4-methylpyridinium dibutylphosphate,-3.4387938134328815,2.3582533871321916,0.7052417
triisobutylmethylphosphonium ethyl sulfate,-0.7841010986244086,0.6025636165577342,0.28223282
1-ethyl-4-methylpyridinium ethyl sulfate,1.104167041864743,3.6325432367149766,4.902548
1-hexyl-3-methylimidazolium bromide,1.2719620076608094,1.0356480460662525,0.6265563
1-butyl-2-methylpyridinium dibutylphosphate,-1.959059730154071,1.3055160714285712,1.3208157
"1,2-dimethyl-3-propylimidazolium decanoate",2.195969734671459,3.3989497685185177,1.8632537
ethyltributylphosphonium bis(fluorosulfonyl)imide,3.1990542877183357,0.6025636165577342,0.3832026
"1-propyl-4-methylpyridinium bis(2,4,4-trimethylpentyl)phosphinate",-0.9567923083713741,3.0249916666666667,1.9318277
octyltriethylammonium dimethyl phosphate,-3.397600365836132,0.7485734457671958,0.49059486
1-butyl-1-methylpyrrolidinium bis(fluorosulfonyl)imide,5.544396601542533,3.7858002846790897,3.0482466
1-heptyl-3-methylimidazolium trifluoroacetate,0.6431053705012033,1.4940537367724869,0.7459658
ethyltributylphosphonium decanoate,1.5571650822458158,0.7512794612794611,0.24463004
1-decyl-3-methylimidazolium diethyl phosphate,-2.028540894733424,0.6443463624338623,0.50247383
1-butyl-1-methylpiperidinium dibutylphosphate,-2.5303057538284177,1.5793204365079365,0.17602362
1-allyl-3-methylimidazolium bis(2-ethylhexyl)phosphate,-3.817830677981039,2.1456666666666666,3.184502
1-methyl-3-pentylimidazolium trifluoroacetate,2.5672894177421197,1.8508351187459884,1.8238938
2-methyl-1-propylpyridinium decanoate,2.9984692937859636,3.765972916666667,3.0560973
butyltrimethylammonium thiocyanate,8.958369145122882,10.081083333333334,13.301884
triethylsulfonium dicyanamide,9.565884031679092,9.780624999999999,7.4200068
1-butyl-3-ethylimidazolium bromide,2.144195147068605,1.2409766563146996,1.3324738
1-ethyl-1-methylpyrrolidinium dibutylphosphate,-1.3052887614478432,2.3560993055555555,0.21556878
1-allyl-3-methylimidazolium diethyl phosphate,2.3785121722928153,2.7889230848861284,0.7094771
1-methyl-3-pentylimidazolium decanoate,1.5144531198848143,2.2054414682539685,1.9863645
propylammonium diethyl phosphate,4.580286645178736,4.695979468599034,1.1533161
"1-ethyl-2,3-dimethylimidazolium bis(2,4,4-trimethylpentyl)phosphinate",-2.941437546199193,2.0167943593544133,1.3831074
1-hexylpyridinium tricyanomethanide,3.3669116305929014,2.4051699505406026,1.4208888
1-ethyl-3-vinylimidazolium decanoate,3.234384141051308,3.723219323671498,2.3470232
1-allyl-3-methylimidazolium thiocyanate,10.203155280161278,11.192539855072464,17.506691
triethylsulfonium tosylate,5.251859353285486,4.676465476190477,2.067492
"1,2-dimethyl-3-propylimidazolium trifluoroacetate",3.5506133647408573,1.9114284532697574,3.0309367
diethylmethylsulfonium bis(pentafluoroethylsulfonyl)imide,4.818513344410813,2.7227909722222217,3.1113808
diethylmethylsulfonium diethyl phosphate,5.341063623188321,6.2945519982433025,2.3034444
1-butylpyridinium methanesulfonate,-2.6273199623565135,2.1867760869565216,1.9909018
diethylmethylammonium bis(fluorosulfonyl)imide,8.232530014739353,4.581588466183574,7.048197
1-butyl-3-ethylimidazolium bis(trifluoromethylsulfonyl)imide,2.562387688619687,1.852890637834388,1.6385368
1-methyl-1-propylpyrrolidinium dibutylphosphate,-1.0758298103878785,3.1898701388888893,0.14446084
"1-ethyl-4-methylpyridinium bis(2,4,4-trimethylpentyl)phosphinate",-2.530827560884691,2.932772916666667,1.3876762
"1-butyl-2,3-dimethylimidazolium diethyl phosphate",1.1446872918848374,1.721025373229002,1.4719608
"1,2-dimethylimidazolium dicyanamide",8.391901243489473,11.072833333333334,8.102124
choline diethyl phosphate,0.9311864880617071,3.9515747757073845,1.4457111
1-heptyl-3-methylimidazolium dibutylphosphate,-4.329092334844033,0.8046931547619047,0.6491383
1-(2-methoxyethyl)-3-methylimidazolium dibutylphosphate,-3.506140688243578,2.134343055555556,1.4928846
trihexyltetradecylphosphonium bis(pentafluoroethylsulfonyl)imide,0.34716746785941877,0.6411861855736855,0.1713003
trihexyltetradecylphosphonium dibutylphosphate,-0.36434574082738247,0.17217582371332374,0.039131586
1-butyl-3-methylpyridinium trifluoroacetate,2.0959568897677796,3.872191672156346,2.1502173
1-allyl-3-methylimidazolium bis(trifluoromethylsulfonyl)imide,5.0969939628335235,5.519818253968254,4.90525
"1-propylpyridinium bis(2,4,4-trimethylpentyl)phosphinate",-2.3758683418887916,2.7610777777777775,2.506739
1-ethyl-3-propylimidazolium bis(pentafluoroethylsulfonyl)imide,0.297363700547461,2.684067361111111,1.2104771
1-methyl-3-nonylimidazolium acetate,-6.577393954830427,1.0419016737891738,0.21921644
1-ethyl-3-methylpyridinium methyl sulfate,-0.07404740143210153,2.9598083992094866,2.892197
1-propyl-4-methylpyridinium hydrogensulfate,-1.7759029430990128,2.0188561249137336,1.9035732
"1,3-dimethylimidazolium hydrogensulfate",1.7976165717825305,11.015833333333335,2.6142125
1-hexyl-3-methylimidazolium nitrate,4.374101347947458,2.253077632783883,1.0939893
tributylmethylphosphonium tricyanomethanide,2.497150715338776,0.8597748316498315,0.2687953
1-ethyl-3-propylimidazolium dicyanamide,9.004799793513182,6.304250966183575,5.0406413
trihexyltetradecylphosphonium bis(fluorosulfonyl)imide,-0.022108393166648588,0.49476296296296296,0.21707529
1-methyl-3-propylimidazolium dicyanamide,10.776853091239783,12.27895652173913,16.892395
octyltriethylammonium ethyl sulfate,-3.5290927388806086,0.9293630163817663,0.58203477
1-butyl-3-ethylimidazolium diethyl phosphate,-1.0919129424986818,0.9934416129462326,1.5206456
diethylmethylsulfonium dibutylphosphate,3.041497954889307,2.7071707482433025,0.4223849
1-hexyl-3-methylimidazolium dicyanamide,6.878783747921391,2.2526949404761902,0.84792167
propylammonium nitrate,17.272760730768294,17.78927777777778,16.126886
1-allyl-3-methylimidazolium ethyl sulfate,3.4429459993394946,4.485841321601104,3.6984015
"1-heptyl-3-methylimidazolium bis(2,4,4-trimethylpentyl)phosphinate",-5.581180819566994,0.9753966297289667,0.5439002
tributyltetradecylphosphonium acetate,-1.0723816793584688,2.3527340277777777,1.7440346
1-ethyl-4-methylpyridinium bis(2-ethylhexyl)phosphate,-5.27555135083751,2.2382318593544133,2.2350614
"1,2-dimethylimidazolium thiocyanate",5.485309137264571,11.6735,8.08975
1-ethylimidazolium trifluoroacetate,9.712011396841714,6.614524482401658,3.640005
tributyltetradecylphosphonium diethyl phosphate,-1.0312979283090258,0.8229327681577681,0.513827
diethylmethylammonium diethyl phosphate,3.0122339404791987,4.911696376811594,2.2932098
tributylmethylphosphonium dicyanamide,3.0853100036366063,0.845304746179746,0.18164636
propylammonium ethyl sulfate,6.8205484506584355,10.723711111111113,4.2064686
1-butyl-3-ethylimidazolium methyl sulfate,0.37499653437915237,2.229854189892234,1.1027577
1-butyl-3-ethylimidazolium trifluoroacetate,3.8413254186754964,2.324457729468599,1.0795261
trihexyltetradecylphosphonium dimethyl phosphate,0.7063092288447124,1.168565343915344,0.19505033
1-heptyl-3-methylimidazolium tricyanomethanide,2.4178832825835803,1.6255679105616605,0.89361066
1-propyl-4-methylpyridinium bis(fluorosulfonyl)imide,6.562836655396113,3.551681774264383,4.700564
tributylmethylammonium decanoate,-0.72639371037862,0.6145269684019683,0.2383615
1-(2-hydroxyethyl)-3-methylimidazolium triflate,3.0334635912699666,2.8458471014492757,5.96463
1-ethyl-4-methylpyridinium tetrafluoroborate,4.659979366217829,2.6723434578706318,4.844666
1-heptyl-3-methylimidazolium methyl sulfate,-3.3981231808777395,1.3503992948991193,0.7661355
"1-ethyl-3-propylimidazolium bis(2,4,4-trimethylpentyl)phosphinate",-2.8228312219515743,2.5688201388888885,1.38466
1-hexyl-3-methylimidazolium ethyl sulfate,-1.2002677696126451,0.9413674686424688,0.91639715
1-methyl-3-octylimidazolium bis(fluorosulfonyl)imide,2.8214406091179476,0.7988243589743589,0.7104698
choline bis(pentafluoroethylsulfonyl)imide,-1.261520349073921,2.4529979166666664,1.8757826
"1-butyl-2,3-dimethylimidazolium dicyanamide",8.354346749859008,2.3192541295057603,2.3772502
1-allyl-3-methylimidazolium tricyanomethanide,11.234988960686126,5.099593506493506,9.074717
1-methyl-3-pentylimidazolium ethyl sulfate,-0.19577064978043413,2.594023858629294,1.8001996
1-ethyl-3-propylimidazolium tetrafluoroborate,7.9174484793490425,4.011782850241546,2.5271997
1-ethyl-4-methylpyridinium methyl sulfate,0.6667141647805737,2.6719572463768118,3.9187298
1-heptyl-3-methylimidazolium tosylate,-1.4573199136821737,1.3449556547619046,0.6757204
1-ethyl-3-vinylimidazolium dihydrogen phosphate,-0.289047183892831,4.027694323671498,1.0797538
1-(2-hydroxyethyl)-3-methylimidazolium decanoate,0.5815644741134813,3.1193839070048304,2.022769
1-butylpyridinium bis(2-ethylhexyl)phosphate,-4.04254283427179,1.7229631944444441,2.093339
"1,3-diethylimidazolium bis(2-ethylhexyl)phosphate",-4.248958036192519,1.817668664909969,3.22852
1-methyl-3-pentylimidazolium hexafluorophosphate,2.165692029915108,2.5174626439985133,2.2245646
"1-butyl-3-methylimidazolium bis(2,4,4-trimethylpentyl)phosphinate",-3.0157668134373337,2.700855555555555,1.2605333
1-methyl-1-octylpyrrolidinium tricyanomethanide,2.1233056796621477,1.0792012739575239,0.90992594
1-butyl-4-methylpyridinium methanesulfonate,-2.6284199311904928,2.338198188405797,2.042182
1-hexyl-1-methylpyrrolidinium ethyl sulfate,-1.3577325998415943,1.697714427461806,0.8437816
"1-butyl-2,3-dimethylimidazolium methyl sulfate",1.6352340825421916,2.797674180469289,1.4505882
1-butyl-1-methylpyrrolidinium decanoate,1.333506745307296,3.571069444444445,2.1790683
ethyltributylphosphonium dibutylphosphate,-0.5876436272258285,0.2541438792688792,0.121957466
"1-butyl-2,3-dimethylimidazolium ethyl sulfate",1.0085859666766037,2.9209187456866808,1.5671351
2-hydroxyethylammonium acetate,8.019533875487964,12.217500000000003,3.700394
diethylmethylammonium dibutylphosphate,-1.0706947262993791,2.2895576388888887,0.37029338
1-ethyl-3-propylimidazolium acetate,1.5894230165532346,6.839284299516907,2.0108557
tributylmethylammonium tricyanomethanide,1.368179877032824,0.8597748316498315,0.43838522
ethyltributylphosphonium perfluorobutanesulfonate,1.0340723673569896,0.35486812169312165,0.36942074
1-allyl-3-methylimidazolium acetate,3.2826216310936918,8.234373188405797,2.5060601
2-methyl-1-propylpyridinium dimethyl phosphate,0.47198127548919633,1.741313437166698,0.5626675
octyltriethylammonium tricyanomethanide,-0.030651725554354803,1.077929924242424,0.66232395
1-butylpyridinium dibutylphosphate,-2.3738093420126134,1.9055465277777777,1.0567487
1-propyl-3-methylpyridinium triflate,2.307088878075934,4.9207806214317085,6.1632986
"1-ethyl-2,3-dimethylimidazolium diethyl phosphate",1.455054262625913,1.9725376435159045,0.69991314
1-ethyl-3-propylimidazolium methanesulfonate,0.5121679464351927,2.7478815217391306,1.9571964
2-hydroxyethylammonium dimethyl phosphate,8.687600857407535,12.399677777777779,3.2386465
1-butylpyridinium diethyl phosphate,-0.7151601209526757,2.570173913043478,1.2273874
2-methyl-1-propylpyridinium methyl sulfate,1.117765776015952,5.371804655248133,3.5199597
1-ethyl-3-vinylimidazolium bis(fluorosulfonyl)imide,8.774915816058625,3.6252657287157284,6.67334
diethylmethylsulfonium thiocyanate,12.656949295555169,10.817388888888889,10.926763
1-butyl-3-ethylimidazolium formate,0.021442110001397285,5.784465904868078,1.3792888
triethylsulfonium bis(pentafluoroethylsulfonyl)imide,3.3185419107715193,2.429945516761821,3.5662606
"1-butyl-2,3-dimethylimidazolium trifluoroacetate",4.237832708789235,2.3107555354267313,1.471051
1-butyl-3-methylimidazolium trifluoroacetate,5.985412876037635,3.5726635323211404,3.4404278
1-methyl-3-propylimidazolium bis(pentafluoroethylsulfonyl)imide,1.3644897963211036,2.763042361111111,3.815083
1-methyl-3-octylimidazolium bis(pentafluoroethylsulfonyl)imide,0.356814608114737,0.727429683048433,0.6573759
"1,3-diethylimidazolium tricyanomethanide",10.705590996713502,6.0755039964866056,8.091188
trihexyltetradecylphosphonium methanesulfonate,1.9270478881919604,1.5099002314814816,3.2111995
n-ethyl-n-methyl-n-propylammonium bis(pentafluoroethylsulfonyl)imide,0.22363552564167977,2.391511111111111,2.3687336
octyltriethylammonium bis(fluorosulfonyl)imide,0.9650373565011894,0.8071787571225071,0.57163966
1-methyl-3-pentylimidazolium triflate,2.805073917600275,2.1712215948302904,1.5546432
1-ethyl-3-methylimidazolium formate,4.253462838548815,11.583961111111112,3.9438097
triisobutylmethylphosphonium bis(trifluoromethylsulfonyl)imide,-0.12823926899539884,0.7159435185185185,0.26869306
tributyltetradecylphosphonium bis(fluorosulfonyl)imide,-0.46007020368070184,0.9822623219373219,0.60037804
butyltrimethylammonium dibutylphosphate,-1.426381970999991,2.200349305555556,0.35858828
"1-hexylpyridinium bis(2,4,4-trimethylpentyl)phosphinate",-2.6937188605443207,1.5217910714285712,0.63806695
1-ethylimidazolium tricyanomethanide,10.297134627178062,12.306344444444443,13.202831
ethylammonium bis(fluorosulfonyl)imide,17.731498486615088,5.640731944444445,14.110074
1-hexylpyridinium dibutylphosphate,-2.9549350086025523,1.2839357142857142,0.56181085
1-(2-methoxyethyl)-3-methylimidazolium nitrate,5.1226363916972115,5.280357487922705,6.176492
2-hydroxyethylammonium methyl sulfate,9.268681050445153,11.980611111111113,3.8832142
1-methyl-3-propylimidazolium dimethyl phosphate,1.4519402539337969,1.1393480990024467,0.6961313
octyltriethylammonium thiocyanate,1.1203698167753215,1.7731423611111108,0.3802711
1-(2-hydroxyethyl)-3-methylimidazolium ethyl sulfate,0.8527545728664592,4.155207988267771,4.307266
ethylammonium triflate,17.031783073822215,12.736066666666668,20.402561
1-ethyl-2-methylpyridinium dimethyl phosphate,0.12944916774797233,4.1399471673254284,1.7550447
2-methyl-1-propylpyridinium bis(2-ethylhexyl)phosphate,-3.7176164440544692,2.4292784722222214,2.0339828
1-methyl-3-nonylimidazolium tricyanomethanide,0.6282335373234043,1.0965273682336183,0.28498664
propylammonium acetate,8.202591324524809,12.217500000000003,3.700394
1-butyl-3-ethylimidazolium tosylate,0.42926264756314225,1.4339892900276052,1.0972654
1-methyl-3-pentylimidazolium nitrate,4.454692916558299,3.9378294314381272,3.5535595
1-methyl-3-propylimidazolium bis(fluorosulfonyl)imide,8.633337307801787,4.044236139343747,6.9499345
1-butyl-3-methylpyridinium thiocyanate,7.86096731204459,4.3513032867494825,4.639553
1-ethylpyridinium dicyanamide,10.880839484463765,13.688611111111111,17.459652
1-methyl-1-octylpyrrolidinium dimethyl phosphate,-1.378922182719948,0.7626030753968254,0.49059254
1-ethyl-3-propylimidazolium perfluorobutanesulfonate,1.0479015264137082,2.764623756910537,1.2705519
2-hydroxyethylammonium trifluoroacetate,17.664057632021937,11.142777777777779,12.449057
1-allyl-3-methylimidazolium triflate,6.849299194887305,3.017342512077295,8.283068
1-ethyl-3-propylimidazolium bis(2-ethylhexyl)phosphate,-3.8475138805541382,1.960176303798858,1.9712746
1-propyl-3-methylpyridinium diethyl phosphate,-0.109271674258965,2.567541974088713,0.8596252
1-hexyl-3-methylimidazolium dibutylphosphate,-3.02922586277315,0.6102850529100529,0.76762533
1-allyl-3-methylimidazolium bis(pentafluoroethylsulfonyl)imide,1.801159029468286,2.377608585858586,3.4463305
tributylmethylphosphonium bis(pentafluoroethylsulfonyl)imide,1.1151524829009543,0.3272192760942761,0.17638548
1-hexyl-1-methylpyrrolidinium dibutylphosphate,-4.175659519329844,0.609229467030554,0.68073386
1-methyl-3-propylimidazolium methyl sulfate,1.93214005839598,3.0768845755693586,3.2412345
diethylmethylsulfonium ethyl sulfate,6.549392985612328,5.957017632850241,4.9884286
n-ethyl-n-methyl-n-propylammonium decanoate,2.867622599879648,3.017544444444444,2.8037782
butyltriethylammonium dicyanamide,7.4646433049306,2.963324756885627,3.827546
1-ethyl-3-vinylimidazolium bis(pentafluoroethylsulfonyl)imide,0.9428361251685524,3.7200127525252524,2.118945
1-butyl-3-ethylimidazolium tricyanomethanide,6.340052312054074,3.183191234811887,1.965038
1-hexylpyridinium hydrogensulfate,-4.544338897582937,1.367089533011272,1.0044643
triethylsulfonium diethyl phosphate,2.7250382002719147,4.0528695275738755,1.0600262
"1-butyl-4-methylpyridinium bis(2,4,4-trimethylpentyl)phosphinate",-2.297943202471245,2.816625,2.2578626
1-heptyl-3-methylimidazolium perfluorobutanesulfonate,-1.7092240645574723,1.3072662289915966,0.6469882
1-(2-hydroxyethyl)-3-methylimidazolium tricyanomethanide,9.93791324160495,6.386847474747475,7.5299573
trihexyltetradecylphosphonium diethyl phosphate,0.2463247996273752,0.9000236772486773,0.17189796
1-butyl-3-methylimidazolium dihydrogen phosphate,-1.555303198920832,1.8555293478260868,1.4750749
trihexyltetradecylphosphonium hydrogensulfate,1.359994137169417,0.6891976851851851,2.2539139
1-benzyl-3-methylimidazolium acetate,-1.2602755271763721,2.7195628076834604,1.4968624
methyltrioctylammonium bis(pentafluoroethylsulfonyl)imide,0.22381072036651362,0.23078113506863512,0.08662059
2-hydroxyethylammonium ethyl sulfate,8.632023867473846,10.723711111111113,4.254137
1-methyl-3-octylimidazolium formate,-3.1127129866335874,1.2176636400234224,0.3788549
"1-heptyl-3-methylimidazolium 1,1,2,2-tetrafluoroethanesulfonate",-1.5559522451084418,1.0822250992063491,0.4362471
"1,3-diethylimidazolium methyl sulfate",2.056912486274679,2.9865229468599037,3.8589256
tributylmethylphosphonium decanoate,0.7989530472144173,0.6289970538720537,0.08763319
1-butyl-2-methylpyridinium decanoate,2.0932467572653213,2.0871099867724867,1.2712401
1-ethyl-4-methylpyridinium hydrogensulfate,-1.561080184159845,1.6857753936884372,1.5222192
1-methyl-1-propylpyrrolidinium dicyanamide,11.248637652371775,11.436194444444444,7.7157087
1-methyl-3-pentylimidazolium methyl sulfate,0.4031902661688882,2.8146481941568893,1.5579612
tributylmethylphosphonium bis(2-ethylhexyl)phosphate,-1.1363366568610636,0.17217582371332374,0.08557433
"1-(2-hydroxyethyl)-3-methylimidazolium bis(2,4,4-trimethylpentyl)phosphinate",-5.023575768928914,1.7043776926877467,0.7706034
diethylmethylammonium acetate,6.999048749528515,8.939439855072465,2.9742174
1-methyl-3-propylimidazolium trifluoroacetate,5.354116230534333,2.370260780161867,4.6593924
1-ethylimidazolium ethyl sulfate,4.309036089121518,5.230022101449276,3.149314
1-methyl-3-octylimidazolium hydrogensulfate,-4.9179405908515585,0.42737806267806266,0.33674824
2-methyl-1-propylpyridinium formate,2.29704736582647,7.647363109354414,4.0131984
1-butyl-1-methylpyrrolidinium diethyl phosphate,-0.6012947089287453,2.4671602432804476,0.64251786
"n-ethyl-n-methyl-n-propylammonium bis(2,4,4-trimethylpentyl)phosphinate",-3.162952637701694,2.510405555555555,1.7815435
1-decyl-3-methylimidazolium thiocyanate,1.1049994843638622,1.1315755795130795,0.17259046
1-propyl-3-methylpyridinium bis(2-ethylhexyl)phosphate,-2.783679402634905,1.8431993055555551,2.7696464
1-ethylimidazolium methyl sulfate,4.9467871519427,7.634003053830229,2.6833878
1-ethyl-2-methylpyridinium bis(fluorosulfonyl)imide,7.063991681165768,4.488117738984044,6.4774814
diethylmethylammonium dicyanamide,12.855942774599912,12.832305555555555,10.583216
tributyltetradecylphosphonium formate,-1.4514070169755444,2.218258155270655,1.6491538
1-propyl-3-methylpyridinium tricyanomethanide,5.676768498802272,5.903519444444444,6.4523787
1-ethyl-3-vinylimidazolium trifluoroacetate,5.676890847377506,3.455481004140787,3.9683678
1-decyl-3-methylimidazolium tricyanomethanide,1.7098047736551403,1.0006546830484329,0.34584
1-(2-methoxyethyl)-3-methylimidazolium bis(fluorosulfonyl)imide,5.978229271655496,2.8530389171215256,4.1830573
1-ethyl-2-methylpyridinium bis(pentafluoroethylsulfonyl)imide,2.0842570314195643,2.5935942129629628,2.6304502
triisobutylmethylphosphonium dibutylphosphate,-1.5052249744246382,0.2541438792688792,0.036929693
1-ethyl-3-vinylimidazolium triflate,5.371193528981071,4.350819323671498,7.782708
1-methyl-3-octylimidazolium triflate,0.3994353472273311,0.8500999999999997,0.97228414
trihexyltetradecylphosphonium tosylate,0.5554791736430802,0.555921657046657,0.088340506
triethylsulfonium dibutylphosphate,2.908862296667322,2.7682324074074076,1.0636597
1-butyl-3-methylpyridinium dicyanamide,8.044703198831925,3.208550817962231,3.9726124
tributyltetradecylphosphonium dicyanamide,0.22797771111506226,2.699003472222222,1.7727386
1-propyl-3-methylpyridinium dibutylphosphate,-1.5960482569829206,1.9589429704655248,0.5709067
1-butyl-1-methylpyrrolidinium formate,2.5202093001127217,7.392623188405797,3.9727645
1-propyl-4-methylpyridinium acetate,0.4107137057152114,6.219516853315767,2.3896742
"1,3-diethylimidazolium hydrogensulfate",1.1882495372820754,2.3996578157349893,1.4338771
1-benzyl-3-methylimidazolium ethyl sulfate,-1.060255228068263,2.266859184495054,2.0105073
"octyltriethylammonium bis(2,4,4-trimethylpentyl)phosphinate",-3.422482571260282,1.3258982142857143,0.6425136
propylammonium hydrogensulfate,11.179470371946497,11.142777777777779,2.9080603
1-(2-methoxyethyl)-3-methylimidazolium tricyanomethanide,7.1175848158626,5.47093455204216,5.1272583
1-butyl-3-vinylimidazolium ethyl sulfate,0.21273829881792805,3.606777432712215,1.4317981
1-propyl-2-methylpyridinium dibutylphosphate,-1.9343060141232329,1.4401611111111108,0.80691594
1-ethyl-4-methylpyridinium dibutylphosphate,-0.9063864752902344,1.8477993055555557,0.01996786
1-decyl-3-methylimidazolium dimethyl phosphate,-1.7920089936840633,0.508970205026455,0.26864046
choline bis(fluorosulfonyl)imide,7.352161815056231,5.3102312974465145,6.9664474
1-methyl-3-nonylimidazolium dimethyl phosphate,-4.376644056266428,0.528861008898509,0.18003845
octyltriethylammonium bis(trifluoromethylsulfonyl)imide,-0.10023231360144247,0.9085949284511784,0.6606141
1-propyl-3-methylpyridinium trifluoroacetate,3.804001627483281,3.650422012045925,4.2433977
tributylmethylammonium thiocyanate,0.40082133105114237,1.1315755795130795,0.26214632
1-methyl-3-propylimidazolium ethyl sulfate,1.6807106805445973,3.9114185990338157,4.80274
ethylammonium thiocyanate,11.430638703504425,15.003083333333333,24.009872
1-(2-methoxyethyl)-3-methylimidazolium tetrafluoroborate,7.094692126898267,3.466086056214317,4.1542463
trihexyltetradecylphosphonium nitrate,0.44888460993955115,1.8669907407407405,2.303035
1-methyl-1-propylpyrrolidinium bis(2-ethylhexyl)phosphate,-4.1878844571881935,2.0456929704655247,1.9540983
"1,3-diethylimidazolium bis(pentafluoroethylsulfonyl)imide",1.7337900792986116,2.3330558080808084,3.7931297
1-propyl-4-methylpyridinium methanesulfonate,-1.6791402415781829,2.22862693236715,2.348517
"1,3-dimethylimidazolium bis(fluorosulfonyl)imide",11.226967886558189,4.457586772486772,8.133071
triisobutylmethylphosphonium bis(fluorosulfonyl)imide,2.2448715412325604,0.6025636165577342,0.3017662
1-butyl-3-vinylimidazolium dimethyl phosphate,-0.015404596075043298,1.8525281055900624,0.7201109
n-ethyl-n-methyl-n-propylammonium acetate,4.3596266648003335,7.4698731884057965,2.920487
1-butyl-3-methylimidazolium bis(2-ethylhexyl)phosphate,-3.7867375312577227,2.011052146464646,2.563166
1-ethyl-3-methylpyridinium tricyanomethanide,6.9818023050750195,7.594736111111111,8.3314705
1-(2-hydroxyethyl)-3-methylimidazolium bis(fluorosulfonyl)imide,6.364913777320423,3.2864555837881917,4.181545
1-ethylimidazolium bis(2-ethylhexyl)phosphate,-5.433776667548761,2.3566708333333333,2.3464515
"1-hexyl-3-methylimidazolium bis(2,4,4-trimethylpentyl)phosphinate",-3.2436402313191603,1.052233664021164,0.39073846
1-butyl-1-methylpyrrolidinium dibutylphosphate,-2.259841217829063,2.2379208333333334,0.371214
1-butyl-2-methylpyridinium hydrogensulfate,-2.9331265983359147,1.8236922705314011,1.3443844
1-methyl-3-nonylimidazolium dicyanamide,1.0773380973564401,1.0965273682336183,0.23519203
1-propyl-2-methylpyridinium thiocyanate,7.74047854138605,8.166472222222222,8.21786
1-methyl-1-octylpyrrolidinium dibutylphosphate,-3.331618907338873,0.7626030753968254,0.4198567
1-(2-methoxyethyl)-3-methylimidazolium acetate,-0.7372196294987325,4.1028516563147,3.038834
1-ethyl-3-propylimidazolium methyl sulfate,1.7021535814667987,3.9664786231884053,1.9125339
1-hexylpyridinium bis(pentafluoroethylsulfonyl)imide,0.7352987271600573,1.140802389277389,0.9992111
butyltrimethylammonium acetate,2.0723220258413813,7.73312977602108,2.9496365
"1-propyl-3-methylpyridinium bis(2,4,4-trimethylpentyl)phosphinate",-1.647025230784853,2.6821618055555554,2.439928
1-butyl-2-methylpyridinium bis(fluorosulfonyl)imide,4.656750933985269,2.7147531139150707,1.9361093
"1,3-dimethylimidazolium trifluoroacetate",7.6349892266080275,6.546672222222223,5.289537
1-decyl-3-methylimidazolium methyl sulfate,-1.9621222965932772,0.45771440527065527,0.27614707
1-propyl-4-methylpyridinium ethyl sulfate,0.46938852304172674,3.0618185990338165,3.3662038
1-butyl-3-methylpyridinium bis(pentafluoroethylsulfonyl)imide,0.9671239209253615,1.7074569865319866,1.62911
1-methyl-1-octylpyrrolidinium bis(fluorosulfonyl)imide,3.236778810041296,0.9241423611111109,0.7723226
1-methyl-3-propylimidazolium bis(2-ethylhexyl)phosphate,-3.952368118012517,1.8943221371321912,3.1587663
tributyltetradecylphosphonium bis(pentafluoroethylsulfonyl)imide,0.5485330647962876,1.4215405837218333,1.6871812
diethylmethylammonium dimethyl phosphate,2.178178522231641,5.250635331576636,2.0728307
1-ethyl-3-vinylimidazolium ethyl sulfate,1.2223123210658824,3.3631503795721187,2.9440634
"1-methyl-3-octylimidazolium bis(2,4,4-trimethylpentyl)phosphinate",-4.508353476811666,1.0009118716931216,0.27758974
"1,3-diethylimidazolium trifluoroacetate",7.678428542411989,4.612358902691511,5.6405854
1-heptyl-3-methylimidazolium decanoate,-1.7614377262827252,1.39947922008547,0.42480296
1-methyl-1-octylpyrrolidinium dicyanamide,3.8249702145828115,1.3444123219373219,0.57992375
1-methyl-3-octylimidazolium dibutylphosphate,-4.0609760198205755,0.7402190476190476,0.37536615
triethylsulfonium perfluorobutanesulfonate,3.5307624562169373,2.550711680469289,2.2959256
1-propyl-2-methylpyridinium trifluoroacetate,7.002679619538668,6.340990887132192,5.5042253
1-methyl-3-octylimidazolium decanoate,-1.737304187771467,1.2676643518518518,0.32711634
"1,3-diethylimidazolium tosylate",3.1074106972048594,4.480449999999999,2.6263487
1-ethyl-3-vinylimidazolium tricyanomethanide,10.483625314880321,6.247126218708827,8.732002
"1,2-dimethyl-3-propylimidazolium thiocyanate",8.285095527503707,8.629805555555555,7.597687
1-methyl-3-pentylimidazolium acetate,-0.36163419991736867,1.7830341243297763,2.17959
dimethylammonium thiocyanate,11.284573980228423,13.411000000000001,10.531665
1-(2-methoxyethyl)-3-methylimidazolium perfluorobutanesulfonate,0.24621912256034673,1.4248165223665221,2.6550548
1-butylpyridinium tricyanomethanide,6.910721433058226,5.91029385155907,4.1365743
"1,3-dimethylimidazolium dicyanamide",13.119547759041795,14.962777777777779,17.655806
n-ethyl-n-methyl-n-propylammonium formate,2.7271386105066915,7.732796442687747,3.8276033
trihexyltetradecylphosphonium dihydrogen phosphate,1.2247507120206158,1.5505305555555555,3.1489387
1-methyl-3-nonylimidazolium dibutylphosphate,-5.80031291436196,0.4949817791005291,0.11637068
1-hexyl-3-methylimidazolium tosylate,0.15931643952580954,1.2686896825396825,0.5578996
1-propyl-3-methylpyridinium bis(pentafluoroethylsulfonyl)imide,1.3136720482642035,2.768128472222222,3.6591413
1-propylpyridinium trifluoroacetate,4.142917949596412,2.8927265355417533,5.468827
1-(2-methoxyethyl)-3-methylimidazolium bis(2-ethylhexyl)phosphate,-4.470648368329241,1.4453819444444442,3.163511
"1,2-dimethyl-3-propylimidazolium bis(2-ethylhexyl)phosphate",-3.847485480400506,1.5563520613746158,2.0339735
triisobutylmethylphosphonium tricyanomethanide,1.6794281434273428,0.8036171519112696,0.3629351
1-methyl-3-nonylimidazolium tetrafluoroborate,1.951807389453366,0.8866241274928773,1.0602952
1-ethyl-3-propylimidazolium hydrogensulfate,-0.35386271122525037,1.6730956176673568,1.4456329
triethylsulfonium decanoate,4.225295847580262,3.1837871834284877,4.05485
1-methyl-1-propylpyrrolidinium bis(pentafluoroethylsulfonyl)imide,0.007285740416800968,2.623914583333333,1.782188
1-allyl-3-methylimidazolium bis(fluorosulfonyl)imide,11.129172733546756,4.51326783126294,6.1462746
1-decyl-3-methylimidazolium dicyanamide,3.06689136532377,1.2458919515669513,0.4520193
"1-butyl-2,3-dimethylimidazolium decanoate",1.6197088074985784,2.490776884920635,1.4483447
1-hexylpyridinium chloride,-0.6371144929205896,4.036785955831607,0.4687989
1-methyl-3-pentylimidazolium formate,0.3983262454852332,5.853710711631363,2.143841
1-propyl-4-methylpyridinium diethyl phosphate,0.07805853965271425,2.427752053140097,0.9227014
1-decyl-3-methylimidazolium acetate,-1.9242700872761047,1.2971675925925923,0.5025122
2-methyl-1-propylpyridinium dicyanamide,9.567005442706598,8.489422222222222,8.491894
1-methylimidazolium ethyl sulfate,3.6183479625132327,4.276261272141706,3.149314
diethylmethylammonium hydrogensulfate,2.673703504315898,9.042724220465526,2.9753742
1-butyl-3-ethylimidazolium thiocyanate,6.710603349979083,3.185662238325281,1.7484742
"1,3-diethylimidazolium dimethyl phosphate",2.0356476534632124,4.226664075537989,2.0973408
1-ethyl-3-propylimidazolium tosylate,1.4863647510419487,4.185630555555556,2.163472
"1-ethyl-3-propylimidazolium 1,1,2,2-tetrafluoroethanesulfonate",2.0369428606144666,2.315292960662526,1.5641603
1-methyl-3-nonylimidazolium decanoate,-3.0004212572964493,1.1825701923076923,0.4565154
"1-butyl-2-methylpyridinium bis(2,4,4-trimethylpentyl)phosphinate",-2.35555298804689,1.8588521825396824,1.0743477
1-propylpyridinium bis(2-ethylhexyl)phosphate,-3.639065369969594,1.6802589426877468,3.2275302
1-benzyl-3-methylimidazolium bis(pentafluoroethylsulfonyl)imide,-0.07065478420839755,1.72794678030303,1.730768
"1,3-dimethylimidazolium methanesulfonate",2.122664878382693,11.936344444444448,3.5065382
1-butyl-3-ethylimidazolium acetate,-0.7399982081888969,2.038858296172427,1.4541861
1-propyl-2-methylpyridinium methyl sulfate,1.7028883403885562,5.66938440565071,3.6490395
1-hexylpyridinium dicyanamide,5.276446540440403,2.747146208000108,0.97791797
1-methyl-3-nonylimidazolium methanesulfonate,-2.8723901793306705,0.6885607142857142,0.3857919
1-(2-hydroxyethyl)-3-methylimidazolium dihydrogen phosphate,-1.8221785307494962,2.820646135265701,1.224707
1-methyl-1-propylpyrrolidinium diethyl phosphate,0.9450510513276287,3.296431363322668,0.4648834
1-methyl-3-nonylimidazolium thiocyanate,0.607421856389387,1.679311111111111,0.41289547
2-methyl-1-propylpyridinium trifluoroacetate,3.4593807696262893,2.193858123157036,4.1288404
1-heptyl-3-methylimidazolium bis(fluorosulfonyl)imide,2.80788749472813,1.0359720772283272,0.771364
1-methyl-3-propylimidazolium decanoate,2.4348932451209677,3.6599450181159425,3.8639548
1-(2-hydroxyethyl)-3-methylimidazolium hydrogensulfate,-1.0515798612488971,2.573794772256729,1.5080831
1-propyl-3-methylpyridinium methyl sulfate,0.0377992694534659,2.942308399209486,2.287846
tributyltetradecylphosphonium bis(2-ethylhexyl)phosphate,0.44382046210102555,1.616712566137566,0.5575674
"1-propyl-2-methylpyridinium bis(2,4,4-trimethylpentyl)phosphinate",-3.103195835065317,1.9817388888888885,1.5313052
1-ethyl-4-methylpyridinium decanoate,3.1621492806204694,3.8263423611111107,2.8470623
triethylsulfonium bis(2-ethylhexyl)phosphate,0.7032934789995346,2.138166350095154,3.3509722
ethyltributylphosphonium ethyl sulfate,0.23206294747315792,0.4279435185185185,0.27287164
"1-methyl-3-pentylimidazolium 1,1,2,2-tetrafluoroethanesulfonate",1.1196435410012833,1.4788635182663314,1.8065579
1-heptyl-3-methylimidazolium bis(trifluoromethylsulfonyl)imide,-0.2220137452493447,0.9575306089743592,0.94981974
1-butyl-3-ethylimidazolium hydrogensulfate,-0.25999490787875135,1.6788032666206578,1.3060153
propylammonium dimethyl phosphate,8.011687960423908,12.399677777777779,3.2386465
1-(2-methoxyethyl)-3-methylimidazolium decanoate,0.6921110430702839,2.6053415458937197,3.247088
1-hexylpyridinium acetate,-1.5421818949855453,2.1447002645502646,0.77857065
1-hexyl-1-methylpyrrolidinium tricyanomethanide,3.7718050289888225,1.4247824728222422,1.209236
1-(2-methoxyethyl)-3-methylimidazolium diethyl phosphate,-1.0614535439353474,2.4847103864734303,1.6995983
tributyltetradecylphosphonium bis(trifluoromethylsulfonyl)imide,0.10418059613327979,1.2919431300181299,0.6182287
1-heptyl-3-methylimidazolium dimethyl phosphate,-1.6748660483134643,1.0240223214285717,0.73542064
1-ethyl-3-methylpyridinium acetate,0.8478863566098338,6.0015881093544134,2.4981053
1-ethyl-2-methylpyridinium decanoate,2.296322733444291,4.04881565565071,2.9400966
1-butylpyridinium triflate,1.2918592107974796,1.939481884057971,2.4230082
"1-ethyl-2,3-dimethylimidazolium dibutylphosphate",-0.7205894979875824,1.8498631944444444,0.4223673
1-ethyl-3-vinylimidazolium diethyl phosphate,1.262107978101811,4.165991200828158,0.8067074
"tributylmethylphosphonium bis(2,4,4-trimethylpentyl)phosphinate",-1.3803927389667392,0.555921657046657,0.108784184
"1-butylpyridinium bis(2,4,4-trimethylpentyl)phosphinate",-2.4948494591020234,2.313042361111111,1.4006215
butyltriethylammonium bis(pentafluoroethylsulfonyl)imide,-0.21003285556225149,1.1732183080808078,1.2668166
1-butyl-1-methylpiperidinium diethyl phosphate,-0.7753286727780326,1.7215493768521903,0.619158
tributylmethylphosphonium thiocyanate,1.9579615382449578,1.146045664983165,0.18298936
diethylmethylammonium bis(pentafluoroethylsulfonyl)imide,-0.7739145193218218,2.623914583333333,2.262103
1-ethylpyridinium bis(pentafluoroethylsulfonyl)imide,2.885769195955884,2.682828472222222,2.9057481
"1,3-diethylimidazolium bis(2,4,4-trimethylpentyl)phosphinate",-3.0181635183946094,2.4391603315766357,2.1381783
1-propyl-4-methylpyridinium bis(pentafluoroethylsulfonyl)imide,1.673461091096109,2.0926585858585858,3.1904068
1-heptyl-3-methylimidazolium formate,-2.0193581311249025,1.4335469290069833,0.79827064
1-butyl-3-methylimidazolium perfluorobutanesulfonate,1.4939509657406875,2.2254419234360405,1.5615953
1-methyl-3-pentylimidazolium dibutylphosphate,-2.2412794014148094,1.2329257936507936,1.9918216
"1,3-diethylimidazolium tetrafluoroborate",7.610813229381516,4.076497377501726,5.9526
1-hexyl-1-methylpyrrolidinium bis(fluorosulfonyl)imide,4.026539025845184,1.697714427461806,0.861643
1-methyl-3-propylimidazolium methanesulfonate,0.4799201845381712,2.086815251897861,3.0450015
"1,2-dimethylimidazolium decanoate",2.375408432997605,3.1407388888888885,2.1906943
ethyltributylphosphonium bis(2-ethylhexyl)phosphate,-0.02051383999952172,0.4329883237133238,0.4420623
1-propyl-4-methylpyridinium dimethyl phosphate,0.8796472077340141,3.6734561249137334,0.7829523
1-ethyl-4-methylpyridinium dicyanamide,10.187370986734994,12.27895652173913,17.471523
1-butyl-3-vinylimidazolium acetate,0.2985764233100723,2.8359587819185643,1.6666602
2-hydroxyethylammonium diethyl phosphate,5.9672261392975665,4.133712198067633,1.1533161
1-ethyl-3-vinylimidazolium methyl sulfate,2.3297258928982525,4.665684575569358,3.2543833
ethyltributylphosphonium thiocyanate,3.3187731477502695,1.146045664983165,0.24957891
1-butyl-3-methylimidazolium decanoate,1.1901723991814606,3.514224052115356,2.439635
1-butylpyridinium trifluoroacetate,2.7694708474462377,3.1510837819185644,2.7889247
1-heptyl-3-methylimidazolium bis(2-ethylhexyl)phosphate,-3.6703106149916778,1.1653030753968252,0.38226554
1-propyl-2-methylpyridinium dicyanamide,11.40420309429302,11.500666666666666,8.703953
octyltriethylammonium tosylate,-2.5445389012387984,1.132319279100529,0.4390583
1-butyl-3-methylpyridinium ethyl sulfate,-0.6744328968349811,2.511166002415459,2.0280933
1-methyl-3-pentylimidazolium tetrafluoroborate,2.9018395775269066,1.919003821299474,1.6994351
"1-butyl-2,3-dimethylimidazolium tricyanomethanide",5.7671394600029195,2.8690598058342625,2.0617461
1-butyl-4-methylpyridinium ethyl sulfate,-1.383640607367026,3.194929710144928,2.6987252
"1-ethyl-3-vinylimidazolium bis(2,4,4-trimethylpentyl)phosphinate",-2.0117943430217062,3.555144444444444,1.398192
1-heptyl-3-methylimidazolium diethyl phosphate,-2.737373806341215,1.030154265873016,0.73493814
1-butyl-4-methylpyridinium acetate,-0.2871490027967909,3.623254434092477,2.612181
1-methyl-1-propylpiperidinium bis(2-ethylhexyl)phosphate,-3.0030249370414133,1.4536250631313128,2.178664
tributylmethylammonium tosylate,-1.7806791991391024,0.555921657046657,0.15106748
1-methyl-3-nonylimidazolium formate,-4.345611393435468,1.0965273682336183,0.396721
ethyltributylphosphonium tosylate,0.5285556478703406,0.555921657046657,0.21485299
1-decyl-3-methylimidazolium bis(2-ethylhexyl)phosphate,-3.3766948679226907,0.6443463624338623,0.3438306
2-methyl-1-propylpyridinium bis(fluorosulfonyl)imide,6.072457814800199,5.270819631093545,4.811973
"1,3-diethylimidazolium thiocyanate",9.28080806350074,10.336428743961353,17.460632
"1,2-dimethylimidazolium bis(pentafluoroethylsulfonyl)imide",-0.3007680656948035,2.0252930555555553,1.5507594
1-(2-methoxyethyl)-3-methylimidazolium dicyanamide,8.757289794704633,4.132709799861973,6.3344064
1-propylpyridinium methanesulfonate,-2.0300317402761374,2.1457172501411637,2.8426487
1-heptyl-3-methylimidazolium tetrafluoroborate,0.10893648029293224,1.1551876075313576,0.8947752
1-ethyl-4-methylpyridinium methanesulfonate,-0.960173416420443,2.9367704106280192,3.113379
2-hydroxyethylammonium dibutylphosphate,1.1619471029274853,3.961119696969697,0.46932146
1-hexyl-3-methylimidazolium formate,0.4592709084890094,2.168153998447205,0.57554156
1-propyl-4-methylpyridinium tricyanomethanide,6.3775720906000855,5.917800000000001,7.6807547
1-ethyl-4-methylpyridinium thiocyanate,8.170579520587063,11.192539855072464,17.471523
tributyltetradecylphosphonium thiocyanate,0.23632266140584224,2.6475018518518514,0.58320653
"1,3-diethylimidazolium dihydrogen phosphate",0.541281117530371,3.0481202898550728,1.6467571
1-methyl-1-propylpiperidinium bis(fluorosulfonyl)imide,5.95728441573274,4.4364398833051,2.7957625
1-butyl-4-methylpyridinium dicyanamide,7.9291817077122575,4.409533212560387,5.4482155
1-ethylimidazolium decanoate,4.120299522005263,3.423811111111111,2.5047178
1-butyl-2-methylpyridinium acetate,-0.6206648117834466,1.858329552211074,1.7711941
1-propyl-4-methylpyridinium thiocyanate,7.612568419760572,10.549984299516908,16.765558
1-propyl-2-methylpyridinium bis(2-ethylhexyl)phosphate,-4.696696758287427,1.324909722222222,2.2018573
1-propyl-2-methylpyridinium bis(pentafluoroethylsulfonyl)imide,-0.08954431419734088,2.241899074074074,2.2810905
"1,2-dimethylimidazolium methyl sulfate",-0.26422308325977206,4.937335331576636,2.7509508
1-butyl-3-vinylimidazolium decanoate,0.6046177383571583,3.409878472222222,1.527914
1-ethyl-3-propylimidazolium trifluoroacetate,4.71363747934134,2.2341448930296757,2.0812597
1-(2-methoxyethyl)-3-methylimidazolium trifluoroacetate,3.887086791121715,2.636434813978292,2.630746
1-butyl-4-methylpyridinium methyl sulfate,-0.7455160874191213,2.8438564009661835,2.1287303
1-methyl-3-nonylimidazolium bis(fluorosulfonyl)imide,0.9780337306511229,0.5535870904558404,0.3288882
1-propyl-2-methylpyridinium decanoate,1.2797857234969467,3.118159405650709,2.1767657
1-ethyl-4-methylpyridinium triflate,3.828856975491153,3.30262536231884,8.640347
1-butyl-3-vinylimidazolium bis(pentafluoroethylsulfonyl)imide,-0.7648779561470371,1.6500412247474745,1.2395779
1-ethyl-3-propylimidazolium decanoate,1.06991522025232,3.6599450181159425,1.3775922
1-methyl-3-pentylimidazolium bromide,1.9084959863018889,1.3874103519668735,1.8221767
1-butyl-2-methylpyridinium methanesulfonate,-3.0195017203590453,1.4947475500345064,1.5646676
propylammonium formate,6.759437552301945,11.387850000000002,4.259878
1-ethyl-2-methylpyridinium ethyl sulfate,1.0517884196646012,3.900068463621724,4.0575967
1-ethylimidazolium acetate,4.34109044950949,12.217500000000003,3.2889526
2-hydroxyethylammonium nitrate,19.66447078095533,17.78927777777778,16.126886
1-decyl-3-methylimidazolium hydrogensulfate,-3.35659123559282,0.45771440527065527,0.36508122
1-butyl-3-methylimidazolium ethyl sulfate,1.3670053754752551,4.078328542673107,2.803885
1-ethyl-3-vinylimidazolium tosylate,3.9293117098704657,4.1434041666666666,3.7538352
1-ethyl-3-propylimidazolium dimethyl phosphate,1.3320715279173636,1.3517253278122843,1.0125247
butyltrimethylammonium bis(pentafluoroethylsulfonyl)imide,1.3075998326845788,2.0740256944444444,1.9321723
1-benzyl-3-methylimidazolium dimethyl phosphate,-0.4849369453911223,2.0199115251897863,1.9684743
"2-methyl-1-propylpyridinium bis(2,4,4-trimethylpentyl)phosphinate",-1.7389205672105803,2.9700645833333335,1.5847043
"1,3-diethylimidazolium dibutylphosphate",-2.2836867336569,1.7588867204655247,0.64466816
triethylsulfonium bis(fluorosulfonyl)imide,5.999608442540386,6.5289936649099705,6.607158
"1-ethyl-2,3-dimethylimidazolium bis(fluorosulfonyl)imide",8.352793697610506,3.602949881841186,6.95644
"1-butyl-2,3-dimethylimidazolium formate",0.5469299492855348,5.335602801003343,1.5418493
n-ethyl-n-methyl-n-propylammonium tricyanomethanide,10.315506437270633,10.93776111111111,7.8792915
"triethylsulfonium bis(2,4,4-trimethylpentyl)phosphinate",1.6769299114084681,3.004722222222222,2.98654
1-heptyl-3-methylimidazolium hydrogensulfate,-2.423397365890562,1.367868804112554,0.58437264
1-ethyl-3-methylpyridinium bis(pentafluoroethylsulfonyl)imide,1.560005156865911,2.7006562499999998,3.293918
1-methyl-3-nonylimidazolium methyl sulfate,-2.4159956592344987,0.7988243589743589,0.49354842
1-propyl-2-methylpyridinium dimethyl phosphate,1.0943729652673067,5.688654776021081,2.2377355
"1-hexyl-3-methylimidazolium 1,1,2,2-tetrafluoroethanesulfonate",-1.2237225173569224,0.8940677128427128,0.9419795
triethylsulfonium tricyanomethanide,5.312264233677041,6.868211111111111,7.8254266
1-benzyl-3-methylimidazolium formate,-1.4251148910426334,2.4807169484702096,1.500074
triethylsulfonium trifluoroacetate,4.469309477230506,6.149535331576637,4.9680963
1-ethyl-3-methylimidazolium decanoate,4.230359165665858,4.761977777777778,3.809102
butyltriethylammonium diethyl phosphate,-0.010518227196932628,1.5551205121178906,0.690375
tributyltetradecylphosphonium tricyanomethanide,-0.5969360681570433,2.160055377492877,0.70649487
1-butyl-3-ethylimidazolium bis(pentafluoroethylsulfonyl)imide,-0.28388579787404455,1.8098801136363636,0.93714917
triethylsulfonium methyl sulfate,2.1629856301662755,6.0917379885814675,3.6902022
"1-ethyl-2,3-dimethylimidazolium bis(pentafluoroethylsulfonyl)imide",1.018093922911926,2.474302546296296,2.4776146
1-ethylpyridinium dibutylphosphate,0.5144651298586687,2.091577083333333,0.43348
1-decyl-3-methylimidazolium bis(fluorosulfonyl)imide,2.066511740047795,0.45771440527065527,0.3012743
"1,2-dimethyl-3-propylimidazolium bis(fluorosulfonyl)imide",6.991973538144197,3.614804048507853,4.590629
1-methyl-3-nonylimidazolium bis(trifluoromethylsulfonyl)imide,-0.15772494776322388,0.7984416666666665,1.2130682
tributylmethylphosphonium ethyl sulfate,-0.968656929828337,0.4279435185185185,0.20113066
1-butyl-3-vinylimidazolium tricyanomethanide,4.59730805983134,4.290431297446515,3.1837232
diethylmethylsulfonium decanoate,7.20017619503461,4.412264583333333,3.3857076
1-butyl-3-vinylimidazolium bis(2-ethylhexyl)phosphate,-5.175447470054567,1.7511118055555557,1.9311717
1-butylpyridinium methyl sulfate,-0.6271819606079896,2.223309903381643,2.126652
trihexyltetradecylphosphonium methyl sulfate,1.2675451658560069,1.1337351851851853,0.22209041
triisobutylmethylphosphonium dicyanamide,4.011825274199969,0.8036171519112696,0.2395375
1-propylpyridinium dicyanamide,9.208675732735744,11.651887077294685,13.870884
1-methyl-3-pentylimidazolium dicyanamide,8.55938513611414,3.4437806820795958,3.1114151
1-propylpyridinium diethyl phosphate,-0.9878460995687142,2.4753003074220468,0.6917533
1-butyl-3-ethylimidazolium decanoate,0.8729210374941156,2.2475810515873014,1.2114749
1-propyl-2-methylpyridinium ethyl sulfate,1.148581386165535,3.4225732945395997,2.2475016
ethylammonium diethyl phosphate,7.808877241215244,5.498059420289854,9.7585535
1-butyl-3-ethylimidazolium ethyl sulfate,-1.181252272747891,3.16881590752243,1.3587716
1-methyl-1-propylpyrrolidinium formate,4.193868972066584,7.392623188405797,4.227523
trihexyltetradecylphosphonium trifluoroacetate,1.2671948139288833,1.3151754840067338,1.2871538
1-heptyl-3-methylimidazolium bis(pentafluoroethylsulfonyl)imide,-1.1377336080773415,1.2183431089743593,0.75572115
octyltriethylammonium formate,-2.680201569259517,1.6090557870370368,0.6754411
1-ethylpyridinium ethyl sulfate,1.3805526078783037,3.9587322463768118,4.4838543
1-ethyl-3-vinylimidazolium tetrafluoroborate,7.996552573520686,4.762421980676328,4.500576
"1,2-dimethyl-3-propylimidazolium bis(2,4,4-trimethylpentyl)phosphinate",-2.569112112473496,2.425025694444444,1.0437722
"1-ethyl-2,3-dimethylimidazolium ethyl sulfate",2.1185716516632755,3.270481162034423,3.4096298
1-methyl-3-octylimidazolium tosylate,-1.600498248033934,1.0723065476190474,0.3786552
1-ethyl-3-propylimidazolium bis(fluorosulfonyl)imide,7.094319226077205,4.16518455204216,2.5396848
1-methyl-3-octylimidazolium methanesulfonate,-2.231256774940504,0.8030315476190477,0.5281076
1-methyl-1-octylpyrrolidinium bis(pentafluoroethylsulfonyl)imide,-0.39873038769030633,0.9034796296296296,0.7592259
1-propylpyridinium hydrogensulfate,-2.3806637704188054,1.5786174226739444,1.5222192
"1-ethyl-2,3-dimethylimidazolium thiocyanate",8.703794635507839,8.166472222222222,8.505047
1-ethyl-3-methylpyridinium decanoate,3.2914575855691197,4.240259027777777,3.7775471
"1,2-dimethyl-3-propylimidazolium dicyanamide",10.11864156041817,5.403085678210678,8.456484
"1-methyl-3-propylimidazolium bis(2,4,4-trimethylpentyl)phosphinate",-2.8840343936065302,2.4412451388888887,2.1842878
1-propylpyridinium bis(pentafluoroethylsulfonyl)imide,3.5255903677744778,1.9328597222222221,3.4907558
butyltrimethylammonium dicyanamide,11.144263207706764,12.368277777777777,13.314257
triethylsulfonium ethyl sulfate,3.322508012386742,4.081521339168079,4.0575967
1-ethylimidazolium thiocyanate,11.59686749844411,15.003083333333333,16.561161
trihexyltetradecylphosphonium tricyanomethanide,0.31137956554138313,1.6945638888888888,1.5213878
"1-ethyl-2,3-dimethylimidazolium dicyanamide",10.917923246003257,10.181222222222221,8.192338
1-butyl-2-methylpyridinium tricyanomethanide,4.802838987515321,3.448269923313402,2.2333488
1-hexyl-1-methylpyrrolidinium bis(pentafluoroethylsulfonyl)imide,-0.3374794028261707,1.1690655303030302,0.64078987
1-benzyl-3-methylimidazolium tricyanomethanide,3.0565772400712774,1.7391094032287924,1.7269627
1-butyl-2-methylpyridinium bis(pentafluoroethylsulfonyl)imide,0.013819771579554052,1.3284574494949493,1.1198412
1-propyl-2-methylpyridinium formate,2.714353713925432,8.503474220465524,3.9264364
1-butyl-3-ethylimidazolium methanesulfonate,-0.6206161701294561,1.2372212215320908,1.1141827
"1,3-diethylimidazolium perfluorobutanesulfonate",2.44160270054725,1.903853034547152,2.6559565
1-methyl-1-propylpyrrolidinium bis(trifluoromethylsulfonyl)imide,2.769365698479702,3.8806999999999996,3.0832393
1-propyl-3-methylpyridinium hydrogensulfate,-3.1012164426420608,1.4366609009348141,1.766261
1-propyl-2-methylpyridinium acetate,0.3320900109194933,5.818518664909969,2.715488
1-butyl-3-vinylimidazolium formate,-0.2946693311779869,7.714827898550725,3.1145883
1-butyl-3-methylimidazolium bis(pentafluoroethylsulfonyl)imide,-0.026196994353801628,2.176127609427609,2.4074187
1-propylpyridinium ethyl sulfate,0.44818732797586114,2.8020166666666673,4.9825616
1-ethyl-3-methylpyridinium bis(fluorosulfonyl)imide,6.7163424680230035,5.1509131093544145,6.853065
1-butyl-3-methylimidazolium bis(fluorosulfonyl)imide,6.872047892934885,5.031972262479871,4.8169675
"1,3-diethylimidazolium ethyl sulfate",2.262151138205633,4.170597964113181,4.9721756
1-hexyl-3-methylimidazolium bis(2-ethylhexyl)phosphate,-3.6043540973568193,0.5703950366762867,0.61742926
1-(2-methoxyethyl)-3-methylimidazolium hydrogensulfate,-2.3644759203272807,1.565937646652864,2.4418137
"1,3-diethylimidazolium triflate",6.060510741295429,3.1896479468599033,6.992255
"1,3-dimethylimidazolium ethyl sulfate",4.534129113518588,3.9524795261099612,3.8677783
1-butylpyridinium tosylate,0.7931068308628195,3.616594444444444,2.2166321
1-ethyl-2-methylpyridinium dicyanamide,10.072209320131153,10.364291666666665,8.505496
n-ethyl-n-methyl-n-propylammonium ethyl sulfate,3.5005432257900795,4.284567632850242,5.1598883
1-ethyl-3-vinylimidazolium thiocyanate,8.762824113813117,12.46670652173913,13.9060545
1-methyl-3-nonylimidazolium ethyl sulfate,-3.628541346673308,0.5535870904558404,0.3496366
1-butyl-1-methylpyrrolidinium bis(pentafluoroethylsulfonyl)imide,-0.3976476625085592,1.6341616161616161,1.7211882
"1,3-dimethylimidazolium bis(pentafluoroethylsulfonyl)imide",4.160332470412196,4.120457407407407,3.7241855
1-butyl-3-ethylimidazolium bis(2-ethylhexyl)phosphate,-4.373207243297873,0.8188627372325742,0.83979195
1-propyl-4-methylpyridinium decanoate,3.0225887750716627,3.818894444444445,3.252845
1-butyl-4-methylpyridinium tosylate,1.2242854508587364,3.545908333333334,2.9419332
choline dibutylphosphate,-2.2761152032308436,2.2497312500000004,0.27171966
1-propylpyridinium formate,1.2392676482712153,8.343502964426879,3.837762
1-ethyl-3-propylimidazolium thiocyanate,7.336315061516578,9.454067632850242,14.045903
1-butyl-4-methylpyridinium diethyl phosphate,-0.7246255660343828,2.625066919191919,1.9636562
1-dodecyl-3-methylimidazolium bis(pentafluoroethylsulfonyl)imide,-0.7038289254457604,0.638523454092204,0.36003986
1-(2-hydroxyethyl)-3-methylimidazolium dicyanamide,8.977883739629707,10.529638888888888,12.78776
1-hexyl-3-methylimidazolium thiocyanate,4.211791850184934,1.6772186379441814,0.84915394
1-ethylimidazolium bis(fluorosulfonyl)imide,11.2567693926271,4.5278571969696975,6.8366256
1-ethyl-4-methylpyridinium tosylate,3.0696199557264965,4.166727777777778,2.360239
"1-butyl-3-ethylimidazolium bis(2,4,4-trimethylpentyl)phosphinate",-3.0689254954021887,1.1603445436507935,0.9893209
1-allyl-3-methylimidazolium formate,3.8506371953339738,9.685317632850241,3.8109822
diethylmethylammonium thiocyanate,9.674922475486065,12.136833333333334,10.570843
1-butylpyridinium thiocyanate,6.116450100529229,9.64150845410628,13.294117
1-methyl-3-propylimidazolium triflate,5.75875210678175,4.846912922705314,7.686574
1-ethyl-3-propylimidazolium dihydrogen phosphate,-0.8473281699515038,2.2813556214317083,1.5901933
tributylmethylammonium formate,-1.3293797922927524,0.8597748316498315,0.43298003
diethylmethylammonium formate,4.850658840215943,9.287796442687748,4.227523
"1,3-dimethylimidazolium dibutylphosphate",1.953081373229963,4.421180808080808,0.63137513
1-methyl-3-pentylimidazolium bis(pentafluoroethylsulfonyl)imide,0.7626995868099837,1.858129419191919,2.3822286
1-(2-methoxyethyl)-3-methylimidazolium formate,-1.1994785955102227,7.319808519982433,3.7918062
octyltriethylammonium diethyl phosphate,-4.6289872286278,0.528861008898509,0.4291615
1-methyl-3-octylimidazolium tricyanomethanide,1.3650466996140722,0.9411774313649313,0.264097
1-hexylpyridinium formate,-2.494001581165408,4.038696218877741,1.0859619
2-methyl-1-propylpyridinium ethyl sulfate,1.8037635766902786,4.832607553798859,3.2706375
1-butyl-3-methylpyridinium methanesulfonate,-3.432986631085498,1.5222392566974086,1.5615305
1-benzyl-3-methylimidazolium decanoate,-1.0597614647138192,1.7182941786776027,1.4219581
1-butyl-4-methylpyridinium thiocyanate,6.208733933683288,4.324259420289855,4.7496634
butyltrimethylammonium decanoate,2.4212964801820047,3.935364583333333,2.5669522
1-heptyl-3-methylimidazolium thiocyanate,3.046198934824826,1.9083253984843658,0.41950163
ethyltributylphosphonium bis(pentafluoroethylsulfonyl)imide,1.1384264249329157,0.3272192760942761,0.263577
2-methyl-1-propylpyridinium tricyanomethanide,6.81838459018869,6.004214855072464,7.473391
dimethylammonium dicyanamide,16.2358718484858,14.106472222222223,10.531665
1-methyl-3-propylimidazolium dibutylphosphate,-0.8901929099556407,2.612874305555556,0.40850997
1-methyl-1-octylpyrrolidinium diethyl phosphate,-2.0230044315134235,0.7626030753968254,0.5466588
1-ethyl-3-methylpyridinium diethyl phosphate,0.8126453739169823,2.674699945103206,0.82296485
1-(2-methoxyethyl)-3-methylimidazolium ethyl sulfate,-1.1471572480776733,2.743531297446515,3.3217967
1-butyl-3-methylimidazolium dibutylphosphate,-0.8647305341140099,2.760509722222223,0.5912714
propylammonium bis(fluorosulfonyl)imide,14.090930447905125,6.069315277777778,6.2985706
methyltrioctylammonium bis(2-ethylhexyl)phosphate,-0.008975381096585577,0.17217582371332374,-0.042290553
1-methyl-3-propylimidazolium thiocyanate,9.638746899325891,10.418,14.3441105
1-hexyl-3-methylimidazolium bis(pentafluoroethylsulfonyl)imide,-0.23053775512961794,0.8213252849002849,0.8740526
butyltriethylammonium tosylate,0.9759741408910185,2.0134149565623347,0.8755325
1-butylpyridinium bis(fluorosulfonyl)imide,5.3640386511516995,3.498084552042161,3.0597966
1-(2-hydroxyethyl)-3-methylimidazolium bis(2-ethylhexyl)phosphate,-5.697275257391754,1.678053472222222,1.7039485
"1,3-dimethylimidazolium tricyanomethanide",8.768843946819363,13.959844444444446,14.378975
"1-ethyl-3-methylimidazolium bis(2,4,4-trimethylpentyl)phosphinate",-4.125856995362861,3.637427777777778,2.0672138
1-ethyl-3-methylpyridinium ethyl sulfate,1.0240751996802178,4.562863833992095,4.268052
1-methyl-3-pentylimidazolium perfluorobutanesulfonate,0.8093721564031897,0.9854441017316017,2.123458
1-methyl-3-pentylimidazolium bis(fluorosulfonyl)imide,5.949706970780737,3.5216456924315622,2.8544893
1-butyl-3-methylpyridinium dimethyl phosphate,-0.034419661414805125,1.7974125862663903,1.1815028
triisobutylmethylphosphonium bis(2-ethylhexyl)phosphate,-1.1740798790777875,0.17217582371332374,0.13041934
1-hexyl-3-methylimidazolium methanesulfonate,-1.707680374608952,0.940964935064935,0.61163586
"1-decyl-3-methylimidazolium bis(2,4,4-trimethylpentyl)phosphinate",-2.9145037010764048,0.7828549272486771,0.21809112
propylammonium trifluoroacetate,13.947762252277032,11.142777777777779,12.458771
2-methyl-1-propylpyridinium dibutylphosphate,-0.7490656449414501,2.393590972222222,0.24717276
butyltrimethylammonium tricyanomethanide,7.989341732927544,7.547124999999999,8.15173
1-ethyl-3-methylimidazolium methyl sulfate,3.553275086009382,5.1597224982746726,2.9147525
diethylmethylsulfonium tricyanomethanide,11.472000742172334,11.419538888888889,7.6609263
1-decyl-3-methylimidazolium formate,-2.442397635764939,1.0006546830484329,0.3873683
1-propyl-3-methylpyridinium acetate,0.6780623467012793,6.464921442687748,2.715488
trihexyltetradecylphosphonium bromide,4.449775913809611,0.8421924903799903,1.0278386
octyltriethylammonium bis(pentafluoroethylsulfonyl)imide,0.19426479108784567,1.1498516414141413,1.0636753
"1,2-dimethyl-3-propylimidazolium bis(pentafluoroethylsulfonyl)imide",0.5498949454451116,1.9103747685185184,2.2287104
1-methyl-3-octylimidazolium methyl sulfate,-1.196153585866525,0.9129124999999998,0.5032901
1-butyl-3-ethylimidazolium dibutylphosphate,-2.5490273079127466,0.8394112103174602,1.0782311
1-decyl-3-methylimidazolium tetrafluoroborate,0.7717298191296118,0.6169088497150996,0.41561845
1-propyl-3-methylpyridinium ethyl sulfate,0.390346893980392,4.162970597277118,3.250355
propylammonium dibutylphosphate,0.9557476835489532,4.03777316919192,0.24084865
1-butyl-3-methylpyridinium bis(2-ethylhexyl)phosphate,-2.9667706922217265,1.9627187830687831,2.5711162
1-methyl-3-propylimidazolium formate,3.2822926036197453,8.661623188405796,3.8756576
1-ethyl-4-methylpyridinium bis(pentafluoroethylsulfonyl)imide,1.2942277341997726,2.1018398358585855,2.331438
"1-butyl-3-methylpyridinium bis(2,4,4-trimethylpentyl)phosphinate",-2.2556948174583544,2.346464616402116,1.3908693
tributyltetradecylphosphonium perfluorobutanesulfonate,1.5014853541354471,1.5194519390331886,1.7870985
1-(2-hydroxyethyl)-3-methylimidazolium thiocyanate,7.042148173945337,8.242444444444445,12.78776
1-butyl-3-methylpyridinium methyl sulfate,-1.058766279623388,1.7633696914800177,1.7918694
1-benzyl-3-methylimidazolium methyl sulfate,-0.7303328590250804,2.28641087531631,1.3687809
tributylmethylammonium bis(pentafluoroethylsulfonyl)imide,0.6260149530183006,0.3272192760942761,0.3106204
1-butyl-4-methylpyridinium bis(2-ethylhexyl)phosphate,-3.2833901624751007,2.2981291666666666,3.4791756
ethyltributylphosphonium dimethyl phosphate,0.0809504730463304,0.2541438792688792,0.29971832
"1,3-dimethylimidazolium diethyl phosphate",2.7715562870574213,3.933833229813664,1.2324566
butyltrimethylammonium formate,4.359980459480072,8.743773188405797,4.239395
1-propyl-4-methylpyridinium dicyanamide,9.467757538772249,5.811484299516908,8.376459
propylammonium triflate,13.120207608917651,8.982580555555556,6.372081
1-methyl-1-octylpyrrolidinium methyl sulfate,-3.2278509573757903,0.9032795887799564,0.8220997
1-methyl-3-pentylimidazolium hydrogensulfate,-2.780137402187086,1.3416817261241172,1.768922
1-ethyl-3-methylimidazolium trifluoroacetate,9.031951817836996,3.5293661490683235,5.7136536
1-ethylimidazolium dicyanamide,13.692372398272612,15.698555555555558,16.561161
butyltriethylammonium bis(fluorosulfonyl)imide,4.284530054585924,1.52344965290464,1.9384352
1-butyl-2-methylpyridinium trifluoroacetate,2.2586088183787707,1.4655805183946486,1.3829683
1-methyl-3-octylimidazolium acetate,-2.978424112608476,1.1593398682336182,0.23394278
1-propyl-3-methylpyridinium bis(fluorosulfonyl)imide,5.898359013759746,4.966913109354413,5.8945074
"triisobutylmethylphosphonium bis(2,4,4-trimethylpentyl)phosphinate",-2.396904512612381,0.555921657046657,0.08510109
1-hexylpyridinium diethyl phosphate,-3.2813781977087393,0.9898662635673506,1.0005546
"1,3-diethylimidazolium methanesulfonate",1.5715469408764484,2.6332120772946856,3.1094756
1-ethyl-3-vinylimidazolium dicyanamide,11.396113306853493,12.529428743961352,13.9060545
ethylammonium formate,8.23300770763228,11.387850000000002,11.91649
tributylmethylammonium dibutylphosphate,-3.081751704536937,0.4329883237133238,0.15157236
1-ethyl-3-methylpyridinium bis(2-ethylhexyl)phosphate,-2.2757546913060844,1.9850457482433026,2.4090607
1-butyl-3-vinylimidazolium bis(fluorosulfonyl)imide,5.271227900761685,3.1525593936256975,1.3837718
1-ethyl-3-methylpyridinium thiocyanate,7.898769595370056,8.349541666666665,8.196504
tributylmethylammonium acetate,-3.866610843787112,0.9460289886039884,0.31538147
1-propyl-3-methylpyridinium formate,2.2013780556100944,6.892171442687747,3.888541
octyltriethylammonium acetate,-3.3291662857012048,1.6804504629629626,0.8053975
1-hexyl-3-methylimidazolium diethyl phosphate,-1.6143809079552895,0.8827621572871571,0.8579603
propylammonium tetrafluoroborate,18.288996717185363,14.423177777777777,12.4898405
1-ethyl-4-methylpyridinium diethyl phosphate,0.7581411197842254,2.4961683574879228,0.74376225
1-butyl-3-methylpyridinium formate,0.9874604515038328,8.576470053798857,3.7305446
1-butyl-3-ethylimidazolium nitrate,5.384251146452244,2.7647672333704945,2.2846174
2-methyl-1-propylpyridinium hydrogensulfate,-0.6142224696503549,5.112443544137022,3.0432045
1-ethyl-3-vinylimidazolium hydrogensulfate,0.5632521996259067,2.6415262939958595,1.0337427
1-butyl-3-ethylimidazolium bis(fluorosulfonyl)imide,5.902780106350216,2.0294024798570995,1.3791156
1-butyl-3-methylimidazolium hydrogensulfate,-0.3682991654317229,2.512194651483782,1.2892485
propylammonium decanoate,4.267396203219459,3.7611312499999996,2.167803
tributylmethylammonium ethyl sulfate,-2.724652428218656,0.6025636165577342,0.37987983
1-butylpyridinium ethyl sulfate,-0.8158197279955275,2.7613690821256043,2.1394634
1-decyl-3-methylimidazolium dihydrogen phosphate,-3.884625353564118,0.3991090939153439,0.36548346
"1,3-dimethylimidazolium bis(2-ethylhexyl)phosphate",-1.906562307578265,2.4944819444444444,2.8954422
1-methyl-3-pentylimidazolium diethyl phosphate,-0.5470280432434522,1.4497686962795657,2.155259
1-butylpyridinium dimethyl phosphate,-0.33044997868274173,2.740802380952381,1.4816439
1-hexyl-3-methylimidazolium tricyanomethanide,4.813896771041738,1.5221155450728818,0.9844682
"1-ethyl-2,3-dimethylimidazolium formate",3.217672054492317,7.565213109354414,3.7399037
1-ethylpyridinium acetate,0.43005522218189385,10.468115887132193,2.553971
1-methyl-3-nonylimidazolium bis(pentafluoroethylsulfonyl)imide,-0.3620514270584565,0.9043222222222222,0.67008126
1-ethyl-2-methylpyridinium tricyanomethanide,7.378215213064445,6.99621574074074,7.8261595
tributylmethylphosphonium bis(fluorosulfonyl)imide,2.1310799583318536,0.5923178774928776,0.28974116
1-hexyl-1-methylpyrrolidinium diethyl phosphate,-1.5777644708147276,1.380900360289043,0.79867834
1-benzyl-3-methylimidazolium diethyl phosphate,-1.9373094013076166,1.7167881492814516,2.089916
1-butyl-2-methylpyridinium bis(2-ethylhexyl)phosphate,-3.110674932073753,1.4742968253968254,1.0591999
"1,2-dimethyl-3-propylimidazolium ethyl sulfate",0.8807421013881063,3.1828827148294536,2.9986954
1-butyl-4-methylpyridinium dibutylphosphate,-2.222007467361177,2.543879166666667,1.8058441
triisobutylmethylphosphonium diethyl phosphate,-0.30884825921751546,0.4287639773080949,0.23029536
"1,2-dimethylimidazolium ethyl sulfate",0.30629273257340106,2.556939196310936,2.5035899
"1-butyl-2,3-dimethylimidazolium bis(2-ethylhexyl)phosphate",-3.6575766143676347,0.9343176917989418,0.8296319
1-ethyl-3-methylpyridinium dimethyl phosphate,-0.17197109251564702,1.709271770500031,1.0461075
butyltrimethylammonium bis(fluorosulfonyl)imide,7.426400415484816,3.9257511645962735,5.547924
"1-(2-methoxyethyl)-3-methylimidazolium bis(2,4,4-trimethylpentyl)phosphinate",-3.4323920013887808,3.0659888888888887,2.6030812
1-methyl-3-propylimidazolium tetrafluoroborate,6.400814878967927,3.0344788992408556,5.46044
1-ethyl-2-methylpyridinium dibutylphosphate,-0.7028178401796323,2.0080179704655245,0.36453387
"1-ethyl-3-methylpyridinium bis(2,4,4-trimethylpentyl)phosphinate",-1.2382244867932266,2.8756479166666664,2.036896
diethylmethylsulfonium dicyanamide,14.90412994930226,12.832305555555555,10.939136
1-(2-methoxyethyl)-3-methylimidazolium bis(pentafluoroethylsulfonyl)imide,-0.20172417384517582,1.966994696969697,2.9668126
propylammonium methyl sulfate,9.871762128496774,12.399677777777779,3.8832142
1-butyl-4-methylpyridinium trifluoroacetate,2.163730533262068,2.245358781918564,2.0445452
1-propylpyridinium acetate,0.5856968645406382,7.239954710144927,2.4720063
butyltriethylammonium decanoate,0.5262624949779924,1.6361476851851848,1.4907479
1-(2-hydroxyethyl)-3-methylimidazolium methyl sulfate,0.7603639043849895,3.352503623188406,3.0694313
1-allyl-3-methylimidazolium trifluoroacetate,7.1217492360048436,3.0213959250894034,4.015573
1-hexyl-3-methylimidazolium methyl sulfate,-0.4607517162650232,1.518938743894994,0.62078756
"butyltriethylammonium bis(2,4,4-trimethylpentyl)phosphinate",-2.2397318953482532,1.7270926587301585,0.9740936
1-(2-hydroxyethyl)-3-methylimidazolium bis(pentafluoroethylsulfonyl)imide,-0.8338465159855366,2.4529979166666664,1.5489422
1-hexyl-3-methylimidazolium acetate,-2.6678747187227536,1.2478688638052768,0.7989974
1-heptyl-3-methylimidazolium dicyanamide,3.665628159725415,1.6255679105616605,0.76372075
"1,3-dimethylimidazolium thiocyanate",10.297281981351125,14.539750000000002,17.655806
1-ethyl-3-vinylimidazolium formate,2.878529973608021,8.851473188405798,3.8109822
1-ethyl-1-methylpyrrolidinium dicyanamide,10.7060775488927,11.436194444444444,7.646142
1-methyl-3-pentylimidazolium dimethyl phosphate,-0.10629217448724848,1.4497686962795657,1.8345151
1-decyl-3-methylimidazolium trifluoroacetate,0.7667910637821795,0.8084495370370369,0.5343713
1-propyl-2-methylpyridinium bis(trifluoromethylsulfonyl)imide,2.4081214088473373,2.4055400054466234,2.6655393
trihexyltetradecylphosphonium formate,-0.26700385895798395,1.8669907407407405,2.401072
1-ethylimidazolium nitrate,12.721975433117771,17.78927777777778,16.39761
1-butyl-1-methylpiperidinium bis(2-ethylhexyl)phosphate,-3.439399059549701,1.3109412698412697,0.4340733
1-methyl-1-propylpyrrolidinium bis(fluorosulfonyl)imide,7.702771696397832,4.439251164596273,7.2108746
1-ethyl-4-methylpyridinium formate,2.3432851598620195,8.507829710144929,3.9059143
1-decyl-3-methylimidazolium methanesulfonate,-4.209420726585121,0.2729000661375661,0.33660328
ethylammonium acetate,13.507161633295391,12.217500000000003,11.811887
1-propyl-4-methylpyridinium triflate,2.1805711789385134,1.7892840579710143,4.6076403
1-methyl-3-nonylimidazolium diethyl phosphate,-3.85114608996021,0.7402190476190476,0.5129991
1-ethyl-3-vinylimidazolium acetate,1.1239426256135265,8.65742874396135,2.481721
1-methyl-1-propylpiperidinium dicyanamide,9.869827198222687,6.058141233766234,8.157879
tributylmethylammonium perfluorobutanesulfonate,-0.36897077877065665,0.5294882197323373,0.3546765
"1-butyl-2,3-dimethylimidazolium thiocyanate",7.51000645170912,2.558187309691114,2.1220322
diethylmethylammonium trifluoroacetate,7.235753024329413,7.16012977602108,4.3892517
1-methyl-3-nonylimidazolium hydrogensulfate,-2.869490922820809,0.8500999999999997,0.5056496
1-butyl-3-ethylimidazolium perfluorobutanesulfonate,1.018897794224222,1.4140927214001544,1.1338583
1-butyl-3-ethylimidazolium triflate,3.3465555571578056,1.659225885668277,1.407371
1-propylpyridinium triflate,2.7048610155714234,2.844092391304348,8.640347
1-hexyl-3-methylimidazolium dihydrogen phosphate,-2.69813267030898,0.9926232683982683,0.7106244
1-heptyl-3-methylimidazolium ethyl sulfate,-1.4446960855314106,1.2964018849206351,0.49511248
tributylmethylphosphonium diethyl phosphate,-0.3486149062465038,0.2541438792688792,0.17287642
1-benzyl-3-methylimidazolium thiocyanate,4.0851248918824865,2.4501959104502578,1.2805011
1-butyl-1-methylpiperidinium bis(fluorosulfonyl)imide,4.164252861735843,2.307150508971705,0.84448606
1-methyl-3-octylimidazolium trifluoroacetate,0.5939954447514657,0.9129124999999998,0.51953685
1-propyl-2-methylpyridinium bis(fluorosulfonyl)imide,7.779145460729991,4.471782594056507,5.968405
1-(2-hydroxyethyl)-3-methylimidazolium dimethyl phosphate,0.9741141618543496,3.153910714285715,1.5049073
1-butylpyridinium decanoate,0.9371261401938809,3.6405618055555555,1.8680836
1-butyl-3-ethylimidazolium tetrafluoroborate,6.313564434519614,3.42166461352657,1.590192
1-methyl-3-pentylimidazolium methanesulfonate,-2.092916398764298,1.2039058833678395,1.5532774
"1,3-dimethylimidazolium decanoate",5.559733511177873,4.497446296296296,4.0084333
1-hexyl-3-methylimidazolium bis(fluorosulfonyl)imide,4.158222867913256,1.0637010909682105,1.2618457
1-butyl-4-methylpyridinium bis(fluorosulfonyl)imide,5.389647742107213,3.6180012187088275,3.3232908
1-butylpyridinium formate,-0.2085635388617486,7.625353864734299,3.7213762
diethylmethylsulfonium formate,6.7713912130774645,7.968351998243302,3.8101912
n-ethyl-n-methyl-n-propylammonium thiocyanate,9.382741059848215,10.581833333333332,10.797995
1-butyl-3-vinylimidazolium perfluorobutanesulfonate,-0.12382053334587706,1.5354037289915965,1.0840827
1-butyl-3-vinylimidazolium trifluoroacetate,3.9751686560989334,3.2411375917560696,0.9989035
octyltriethylammonium bis(2-ethylhexyl)phosphate,-2.7076305185468827,1.202964880952381,0.71797925
"1-methyl-3-pentylimidazolium bis(2,4,4-trimethylpentyl)phosphinate",-2.0442581418794052,1.6166716269841266,1.9033387
1-butylpyridinium hydrogensulfate,-2.5281187562628613,2.0735865596963423,1.5317225
"1,2-dimethylimidazolium dimethyl phosphate",-0.7333616632154938,4.491255862977602,1.7550447
"1,3-diethylimidazolium acetate",1.991617417978633,7.213935331576636,2.5060601
choline dicyanamide,11.754158144907647,11.917972222222222,7.016204
1-propylpyridinium methyl sulfate,0.22635482235346438,2.4842072463768115,3.8710608
1-hexylpyridinium ethyl sulfate,-2.440873163325766,1.359225801975802,1.1049728
"1,3-dimethylimidazolium tetrafluoroborate",11.151919206234947,13.959844444444446,13.5957
1-propylpyridinium decanoate,0.6973033639711184,3.2703213219147997,3.5556688
1-propylpyridinium tricyanomethanide,5.979204129754099,5.227156521739131,8.8381195
triethylsulfonium dimethyl phosphate,2.025313999312396,4.732430862977602,1.7550447
"1,2-dimethylimidazolium dibutylphosphate",-1.759890044857013,1.6174041666666663,0.31008363
1-ethyl-3-methylpyridinium trifluoroacetate,3.1493471072775048,5.111793664909969,5.7092133
tributylmethylphosphonium dibutylphosphate,-0.9682938131436953,0.4329883237133238,0.07328819
1-allyl-3-methylimidazolium decanoate,3.913431089841665,4.176155555555556,3.775859
1-hexylpyridinium dimethyl phosphate,-1.6585501547945267,1.7181510676734462,1.1062019
1-hexyl-1-methylpyrrolidinium bis(2-ethylhexyl)phosphate,-3.3347145818701858,1.3422412698412696,0.47170317
"1-butyl-3-methylimidazolium 1,1,2,2-tetrafluoroethanesulfonate",0.8218453633862526,2.8168207384403035,1.5365378
"tributyltetradecylphosphonium bis(2,4,4-trimethylpentyl)phosphinate",-0.38453400658392556,1.9422556216931213,0.52229345
1-butyl-3-methylimidazolium formate,2.440892999376267,6.709101998243303,3.7301302
1-butyl-3-ethylimidazolium dimethyl phosphate,-1.7415695130601174,1.6291499654934438,1.6345841
1-decyl-3-methylimidazolium dibutylphosphate,-2.942458024166198,0.6443463624338623,0.37439585
2-hydroxyethylammonium bis(fluorosulfonyl)imide,15.160010083909723,5.640731944444445,5.909319
1-propylpyridinium tetrafluoroborate,3.133536850410984,2.541762232574189,5.345026
2-methyl-1-propylpyridinium thiocyanate,7.3196999157972344,7.493430555555555,7.3010798
diethylmethylammonium tricyanomethanide,8.563952506373745,11.419538888888889,7.231916
1-methyl-3-pentylimidazolium tosylate,1.0318658848353648,1.79638200280112,2.0294657
n-ethyl-n-methyl-n-propylammonium bis(fluorosulfonyl)imide,9.359588657494191,3.7883106884057973,7.6269855
1-hexylpyridinium decanoate,-1.0120842805139019,2.4181226851851854,0.89275676
1-butyl-3-vinylimidazolium methyl sulfate,-0.14665780440797627,2.8146695103205976,1.2681508
1-allyl-3-methylimidazolium hydrogensulfate,1.4532562936178333,1.7904832439299831,0.77940845
1-methyl-3-octylimidazolium dimethyl phosphate,-2.2536073979819378,0.4949817791005291,0.2561759
1-heptyl-3-methylimidazolium acetate,-3.683907204391545,1.5064446882738602,0.71623486
methyltrioctylammonium dodecylbenzenesulfonate,2.6793859576161463,0.8421924903799903,0.113324076
1-ethylimidazolium bis(pentafluoroethylsulfonyl)imide,1.2366942883111636,4.078022222222222,2.224079
1-butyl-3-methylpyridinium acetate,-1.0804175920257075,2.5540590289541374,1.6541752
1-ethyl-3-propylimidazolium tricyanomethanide,6.830235218870874,4.487196284271284,4.375733
tributyltetradecylphosphonium dibutylphosphate,-1.2169370824051804,1.5315905753968253,1.5629379
1-heptyl-3-methylimidazolium bromide,1.0322681772450835,1.6894292658730155,0.31504533
1-butylpyridinium acetate,-1.308671338505315,7.033777119016248,2.5060601
1-propyl-4-methylpyridinium tetrafluoroborate,2.0747532421506345,2.7978571256038647,4.649409
1-allyl-3-methylimidazolium methyl sulfate,2.6393320516698346,3.0646222880983753,3.0247543
n-ethyl-n-methyl-n-propylammonium diethyl phosphate,1.8261957303883134,2.9660270531400967,0.7879708
1-ethyl-3-methylimidazolium bis(2-ethylhexyl)phosphate,-2.755845513665382,2.3645430555555556,2.8582122
1-(2-hydroxyethyl)-3-methylimidazolium dibutylphosphate,-3.8351030921432923,1.0990485260210803,0.11157918
1-methyl-1-propylpyrrolidinium decanoate,2.1787133807376176,4.26203125,2.664465
1-methyl-3-octylimidazolium dicyanamide,3.186108277584654,1.4558527777777777,0.4868628
1-butyl-4-methylpyridinium dimethyl phosphate,-0.1141292636377147,1.3738312456866804,1.6558163
n-ethyl-n-methyl-n-propylammonium bis(trifluoromethylsulfonyl)imide,3.1990144980030113,4.462888888888888,4.566177
1-ethyl-3-vinylimidazolium dibutylphosphate,-0.863631843900728,4.026431944444445,0.34867665
diethylmethylammonium decanoate,3.0233559580866824,3.346614583333333,2.8054702
1-hexyl-3-methylimidazolium decanoate,-0.3255049048170331,1.0748817487765856,0.7668758
1-(2-hydroxyethyl)-3-methylimidazolium trifluoroacetate,4.559714604135123,3.4385681473116256,3.6753604
butyltrimethylammonium diethyl phosphate,0.0973807452195623,2.270692529330573,0.70205235
1-allyl-3-methylimidazolium dibutylphosphate,-0.6282441146299569,2.098076388888889,0.38953543
1-ethyl-3-methylpyridinium formate,2.136430519961957,6.428838109354413,3.7399037
1-butyl-2-methylpyridinium dicyanamide,8.696420241292508,2.3588146093037397,3.0792067
triisobutylmethylphosphonium decanoate,0.33270247869116143,0.6289970538720537,0.0512747
1-methyl-3-pentylimidazolium thiocyanate,5.559789341981553,2.6866947696023784,2.4840493
triisobutylmethylphosphonium bis(pentafluoroethylsulfonyl)imide,0.670844367026499,0.3272192760942761,0.15025486
butyltriethylammonium acetate,1.338907534332012,3.183574879227053,2.3932004
1-propyl-4-methylpyridinium formate,1.9421003437399382,7.651718599033816,3.5945015
1-heptyl-3-methylimidazolium triflate,-0.24401772671727495,0.9374165216727718,0.9300786
1-(2-hydroxyethyl)-3-methylimidazolium methanesulfonate,-1.2591941728478606,2.929450396825397,2.7918699
n-ethyl-n-methyl-n-propylammonium dibutylphosphate,-1.6317640087529106,2.0571541666666664,0.4136243
1-methyl-3-nonylimidazolium triflate,0.06867516675780605,0.8500999999999997,0.98222315
"1,2-dimethyl-3-propylimidazolium dibutylphosphate",-1.7374947782391186,1.947600063131313,0.4309548
1-hexyl-3-methylimidazolium dimethyl phosphate,-0.22988220533692272,0.9926232683982683,0.6335859
1-ethyl-3-methylpyridinium dibutylphosphate,-1.6302105063454924,1.9589429704655248,0.8176771
1-hexylpyridinium bis(2-ethylhexyl)phosphate,-3.959568395655374,1.232277380952381,0.8213501
octyltriethylammonium dicyanamide,2.080255114197537,1.350119034900285,0.5050261
1-butyl-3-vinylimidazolium thiocyanate,6.200843616893235,4.079577657004831,3.7649302
diethylmethylsulfonium dimethyl phosphate,5.687988237784922,5.702218664909969,1.6532941
butyltriethylammonium bis(trifluoromethylsulfonyl)imide,1.1119899722584126,1.2762550727866901,1.3936116
1-ethyl-3-propylimidazolium dibutylphosphate,-1.741135604360154,2.396457638888889,0.9862532
"1-butyl-2,3-dimethylimidazolium acetate",1.0423968204134177,2.4830498590982293,1.730469
1-hexylpyridinium methanesulfonate,-2.998700719359687,1.8704942546583851,0.91106844
butyltriethylammonium bis(2-ethylhexyl)phosphate,-2.9095079001199764,1.367112103174603,1.1364702
trihexyltetradecylphosphonium ethyl sulfate,-0.011014022614273422,0.606787962962963,0.17557499
1-ethyl-2-methylpyridinium bis(2-ethylhexyl)phosphate,-1.0794134803907147,2.003060416666666,2.3701086
diethylmethylsulfonium bis(fluorosulfonyl)imide,11.184877919489356,6.337882553798858,7.564336
1-decyl-3-methylimidazolium decanoate,-0.5008290920952043,1.1379731481481479,0.43327388
butyltrimethylammonium ethyl sulfate,1.6604844627745885,4.422008109040718,4.6686287
ethylammonium methyl sulfate,13.383882950925,13.413444444444446,12.64194
1-butyl-4-methylpyridinium formate,0.03361763154689723,8.746685331576636,3.5994427
1-methyl-3-nonylimidazolium tosylate,-3.6824027701590145,0.8787276124338623,0.13776389
1-propyl-4-methylpyridinium trifluoroacetate,3.3046915770220364,1.952718081435473,2.803277
octyltriethylammonium dibutylphosphate,-3.5848114594187175,0.9421523809523809,0.49747196
2-methyl-1-propylpyridinium diethyl phosphate,1.527451188824886,3.6505936649099695,0.4094441
tributyltetradecylphosphonium tosylate,-0.49447185051529274,2.071853075396825,1.6648962
1-ethyl-3-propylimidazolium ethyl sulfate,0.9201644181026896,4.237581400966183,1.6814002
2-methyl-1-propylpyridinium acetate,0.06467673448236377,5.145476998243303,2.5264513
1-ethyl-1-methylpyrrolidinium bis(pentafluoroethylsulfonyl)imide,0.823900854928862,2.2297756944444442,1.6166375
1-(2-hydroxyethyl)-3-methylimidazolium diethyl phosphate,-0.45735019308155644,3.020451690821256,1.2352629
trihexyltetradecylphosphonium acetate,0.1202626746837705,1.303721296296296,2.246546
"diethylmethylammonium bis(2,4,4-trimethylpentyl)phosphinate",-2.9041900536107823,2.704892361111111,1.6677743
1-ethyl-3-propylimidazolium bis(trifluoromethylsulfonyl)imide,3.465911545724353,3.4145041258169933,2.1416597
tributylmethylammonium diethyl phosphate,-2.4175288530652557,0.2541438792688792,0.275466
"1,2-dimethylimidazolium bis(2-ethylhexyl)phosphate",-5.315777591710813,1.6968464426877468,1.9209465
tributylmethylammonium dimethyl phosphate,-2.1406156680036794,0.4287639773080949,0.3421425
1-ethylimidazolium formate,4.679551439255956,11.387850000000002,3.8480866
tributyltetradecylphosphonium decanoate,0.42649762006167347,2.2020365740740737,0.6231729
1-methyl-1-propylpiperidinium bis(pentafluoroethylsulfonyl)imide,0.21363320325303814,1.6863953914141416,1.8044068
1-methyl-1-propylpiperidinium dibutylphosphate,-1.2760870295071343,1.3252173391523934,0.6106658
1-ethylimidazolium dibutylphosphate,-0.10089310912440275,3.312459722222222,0.40361208
1-butyl-3-vinylimidazolium dibutylphosphate,-3.5091471412157986,1.2247104166666667,0.688052
diethylmethylsulfonium methyl sulfate,5.861500762862303,6.443976998243302,3.95057
1-butyl-3-methylpyridinium diethyl phosphate,0.11523132905329048,2.1674282486446494,1.4181287
1-ethyl-3-propylimidazolium formate,1.1125796925617415,7.484135265700483,3.2911873
"ethyltributylphosphonium bis(2,4,4-trimethylpentyl)phosphinate",0.02206641460983305,0.555921657046657,0.22874668
1-methyl-3-nonylimidazolium bromide,0.23790555111828415,1.0934151124338622,0.1622749
1-propyl-3-methylpyridinium thiocyanate,7.330198603310205,7.493430555555555,7.3706274
1-butyl-3-methylimidazolium diethyl phosphate,1.0152840316287368,3.6306655797101457,0.8514778
1-butyl-4-methylpyridinium hydrogensulfate,-2.4849972099940008,2.061809023464458,2.4414463
1-propyl-3-methylpyridinium dicyanamide,9.254960365999512,7.122763888888888,7.739853
1-methyl-3-nonylimidazolium hexafluorophosphate,0.5539396934957777,0.9043222222222222,0.650994
butyltriethylammonium dibutylphosphate,-1.923933779227003,1.3746787698412697,0.57690436
1-butyl-3-methylpyridinium tricyanomethanide,7.969875232810949,4.820789397860594,4.2757635
1-hexylpyridinium trifluoroacetate,0.017238609643936087,1.417627334943639,1.026845
1-methyl-3-pentylimidazolium bis(2-ethylhexyl)phosphate,-2.4839631313326898,1.3271579365079365,1.9592481
"1-methyl-3-nonylimidazolium bis(2,4,4-trimethylpentyl)phosphinate",-4.59637867501705,1.123964880952381,0.4133527
1-methyl-3-propylimidazolium hydrogensulfate,-0.10257600282435186,1.6555849896480332,1.1878512
"1-butyl-2,3-dimethylimidazolium bis(2,4,4-trimethylpentyl)phosphinate",-3.2155289143549375,1.4356468584656086,1.0543019
"1,2-dimethyl-3-propylimidazolium tricyanomethanide",8.266935719821792,6.41389797979798,7.8124137
diethylmethylammonium tetrafluoroborate,7.420920857688524,11.066224220465525,6.855034
ethylammonium trifluoroacetate,19.5409832233322,11.142777777777779,20.402561
octyltriethylammonium decanoate,-1.3670324695328733,1.5212560185185182,0.6316382
